{
    "faces":[11,17,9,2,13,0,0,1,2,3,11,16,15,6,11,0,0,1,2,3,11,12,14,5,1,0,4,1,2,5,11,9,11,6,2,0,4,1,2,5,11,13,15,7,3,0,4,1,2,5,11,10,8,3,7,0,4,1,2,5,11,4,0,8,10,0,6,7,1,4,11,1,5,11,9,0,6,7,1,4,11,14,16,11,5,0,4,0,3,5,11,12,1,9,17,0,8,7,1,0,11,0,12,17,8,0,6,8,0,4,11,4,10,16,14,0,6,8,0,4,11,2,6,15,13,0,6,7,1,4,11,0,4,14,12,0,6,7,1,4,11,10,7,15,16,0,8,7,1,0,11,8,17,13,3,0,4,0,3,5],
    "name":"CubeGeometry",
    "uvs":[[0.5,0.5,1,0.5,1,1,0.5,1,0,0.5,0,1,0,0,1,0,0.5,0]],
    "vertices":[0.0830813,-0.0383073,-0.075,0.0896085,-0.0375213,0.075,-0.0937573,-0.0346087,0.0749997,-0.0937568,-0.0346087,-0.0750003,0.0830818,-0.0350886,-0.0749995,0.0896079,-0.0343025,0.0750006,-0.0937575,-0.03139,0.0749996,-0.0937571,-0.03139,-0.075,-0.000605706,-0.0147902,-0.0750002,-0.000605946,-0.0230805,0.0749999,-0.000605589,-0.0115715,-0.0749997,-0.000606362,-0.0198617,0.0750001,0.0949961,-0.0300391,0.00171183,-0.101315,-0.0263798,0.00171153,0.0949961,-0.0268204,0.00171237,-0.101315,-0.023161,0.00171164,-0.000605985,0.00160939,0.001712,-0.000605829,-0.00160939,0.00171168],
    "materials":[{
        "mapDiffuse":"lappen.jpg",
        "colorDiffuse":[1,1,1],
        "depthTest":true,
        "visible":true,
        "colorEmissive":[0,0,0],
        "mapDiffuseWrap":["RepeatWrapping","RepeatWrapping"],
        "blending":"NormalBlending",
        "DbgColor":15658734,
        "wireframe":false,
        "DbgIndex":0,
        "mapDiffuseAnisotropy":1,
        "mapDiffuseRepeat":[1,1],
        "opacity":1,
        "shading":"lambert",
        "transparent":false,
        "depthWrite":true,
        "DbgName":"Material"
    }],
    "metadata":{
        "vertices":18,
        "type":"Geometry",
        "uvs":1,
        "generator":"io_three",
        "materials":1,
        "faces":16,
        "version":3
    }
}