{
    "uvs":[[-5.96046e-08,1,0,-5.96046e-08,1,0,1,1,1,1,1,-5.96046e-08,-1.19209e-07,0,0,0]],
    "name":"CubeGeometry",
    "materials":[{
        "colorDiffuse":[0.64,0.64,0.64],
        "mapDiffuseAnisotropy":1,
        "DbgColor":15658734,
        "specularCoef":50,
        "depthWrite":true,
        "depthTest":true,
        "shading":"phong",
        "mapDiffuseWrap":["RepeatWrapping","RepeatWrapping"],
        "visible":true,
        "DbgIndex":0,
        "wireframe":false,
        "mapDiffuse":"escape_sign.png",
        "colorSpecular":[0.5,0.5,0.5],
        "mapDiffuseRepeat":[1,1],
        "colorEmissive":[0,0,0],
        "DbgName":"escape_sign",
        "opacity":1,
        "blending":"NormalBlending",
        "transparent":false
    }],
    "metadata":{
        "uvs":1,
        "generator":"io_three",
        "version":3,
        "vertices":16,
        "faces":12,
        "type":"Geometry",
        "materials":1
    },
    "vertices":[1,-0.0270724,0.00481096,1,-0.876245,0.00481104,-1,-0.876245,0.00481104,-1,-0.0270723,0.00481096,1,-0.0270725,-0.004811,0.999999,-0.876245,-0.00481092,-1,-0.876245,-0.00481092,-1,-0.0270724,-0.004811,1,0.0288509,-0.124525,1,0.0288509,0.124525,-1,0.0288509,0.124525,-1,0.0288509,-0.124525,1,-0.0288509,-0.124525,0.999999,-0.0288509,0.124525,-1,-0.0288509,0.124525,-1,-0.0288509,-0.124525],
    "faces":[11,0,1,2,3,0,0,1,2,3,11,4,7,6,5,0,0,4,5,6,11,0,4,5,1,0,0,1,2,3,11,1,5,6,2,0,0,1,2,3,11,2,6,7,3,0,0,1,2,3,11,4,0,3,7,0,0,1,2,3,11,8,9,10,11,0,7,7,7,7,11,12,15,14,13,0,7,7,7,7,11,8,12,13,9,0,7,7,7,7,11,9,13,14,10,0,7,7,7,7,11,10,14,15,11,0,7,7,7,7,11,12,8,11,15,0,7,7,7,7]
}