{
    "vertices":[-1.10846,0.0119956,0.0382268,-1.10846,2.38163,0.0600422,1.09684,0.0119956,0.0382268,1.09684,2.38163,0.0600423,-1.89283,0.0119956,0.0382268,-1.89283,2.38163,0.0600422,0.274172,0.0119956,0.0382268,0.274172,2.38163,0.0600423,1.88523,0.0119956,-0.010038,-1.10846,0.0119956,0.0382268,1.88523,2.38163,0.0117776,-1.10846,2.38163,0.0600422,1.10269,0.0119956,-0.010038,-1.10269,0.0119956,-0.010038,1.10268,2.38163,0.0117776,-1.10269,2.38163,0.0117774,1.09684,0.0119956,0.0382268,-0.282149,0.0119956,-0.010038,1.09684,2.38163,0.0600423,-0.28215,2.38163,0.0117774,-0.126735,0.748517,0.110043,0.126735,0.748517,0.110043,-0.126735,1.35133,0.110043,0.126735,1.35133,0.110043,-0.188312,1.4556,0.107078,0.188312,1.4556,0.107078,-0.188312,1.97336,0.107078,0.188312,1.97336,0.107078,1.9974,-1.53344e-08,-0.350809,1.9974,5.24537e-09,0.12,-1.9974,5.24537e-09,0.12,-1.9974,-1.53344e-08,-0.350809,1.9974,2.5,-0.350809,1.9974,2.5,0.12,-1.9974,2.5,0.12,-1.9974,2.5,-0.350809,1.9974,5.24537e-09,0.12,-1.9974,5.24537e-09,0.12,1.9974,2.5,0.12,-1.9974,2.5,0.12,1.88523,0.0121401,0.12,-1.88523,0.0121401,0.12,1.88523,2.38163,0.12,-1.88523,2.38163,0.12,1.88523,0.0119956,-0.010038,-1.88523,0.0119956,-0.010038,1.88523,2.38163,0.0117776,-1.88523,2.38163,0.0117774,1.10268,2.38163,0.0117776,-1.10269,2.38163,0.0117774,0.282149,0.0119956,-0.010038,-0.282149,0.0119956,-0.010038,0.282148,2.38163,0.0117776,-0.28215,2.38163,0.0117774,0.282149,0.000767482,0.110208,-0.282149,0.000767482,0.110208,0.282148,2.38163,0.10023,-0.28215,2.38163,0.10023,1.9974,5,-0.350809,1.9974,5,0.12,-1.9974,5,0.12,-1.9974,5,-0.350809,1.9974,5,0.12,-1.9974,5,0.12],
    "faces":[11,2,3,7,6,0,0,0,0,0,11,0,1,5,4,0,0,0,0,0,11,8,10,14,12,1,0,0,0,0,11,11,9,13,15,1,0,0,0,0,11,12,14,18,16,1,0,0,0,0,11,15,13,17,19,1,0,0,0,0,11,20,21,23,22,2,0,1,2,3,11,24,25,27,26,3,4,5,6,7,11,28,29,30,31,4,0,0,0,0,11,32,35,34,33,4,0,0,0,0,11,28,32,33,29,4,0,0,0,0,11,34,30,37,39,4,0,0,0,0,11,30,34,35,31,4,0,0,0,0,11,32,28,31,35,4,0,0,0,0,11,29,33,38,36,4,0,0,0,0,11,30,29,36,37,4,0,0,0,0,11,33,34,39,38,4,0,0,0,0,11,38,39,43,42,4,0,0,0,0,11,36,38,42,40,4,0,0,0,0,11,39,37,41,43,4,0,0,0,0,11,37,36,40,41,4,0,0,0,0,11,43,41,45,47,4,0,0,0,0,11,41,40,44,45,4,0,0,0,0,11,42,43,47,46,4,0,0,0,0,11,40,42,46,44,4,0,0,0,0,11,46,47,49,48,4,0,0,0,0,11,48,49,53,52,4,0,0,0,0,11,52,53,57,56,4,0,0,0,0,11,55,54,56,57,4,0,0,0,0,11,50,52,56,54,4,0,0,0,0,11,53,51,55,57,4,0,0,0,0,11,39,38,62,63,4,0,0,0,0,11,35,34,60,61,4,0,0,0,0,11,33,32,58,59,4,0,0,0,0],
    "metadata":{
        "vertices":64,
        "uvs":1,
        "faces":34,
        "materials":5,
        "generator":"io_three",
        "type":"Geometry",
        "version":3
    },
    "uvs":[[0,0,1,0,1,1,0,1,9.998e-05,9.998e-05,0.9999,0.000100296,0.9999,0.9999,9.998e-05,0.9999]],
    "materials":[{
        "visible":true,
        "colorEmissive":[0,0,0],
        "transparent":false,
        "depthTest":true,
        "colorSpecular":[0.5,0.5,0.5],
        "blending":"NormalBlending",
        "DbgIndex":0,
        "DbgName":"Material.004",
        "wireframe":false,
        "colorDiffuse":[0.358391,0.358391,0.358391],
        "shading":"phong",
        "specularCoef":50,
        "opacity":1,
        "DbgColor":15658734,
        "depthWrite":true
    },{
        "visible":true,
        "colorEmissive":[0,0,0],
        "transparent":false,
        "depthTest":true,
        "colorSpecular":[0.5,0.5,0.5],
        "blending":"NormalBlending",
        "DbgIndex":1,
        "DbgName":"Material.003",
        "wireframe":false,
        "colorDiffuse":[0.254837,0.254837,0.254837],
        "shading":"phong",
        "specularCoef":50,
        "opacity":1,
        "DbgColor":15597568,
        "depthWrite":true
    },{
        "visible":true,
        "colorEmissive":[0,0,0],
        "transparent":false,
        "mapDiffuseAnisotropy":1,
        "depthTest":true,
        "colorSpecular":[0.5,0.5,0.5],
        "blending":"NormalBlending",
        "mapDiffuseRepeat":[1,1],
        "DbgIndex":2,
        "mapDiffuseWrap":["RepeatWrapping","RepeatWrapping"],
        "DbgName":"Material.002",
        "wireframe":false,
        "colorDiffuse":[0.64,0.64,0.64],
        "shading":"phong",
        "specularCoef":50,
        "opacity":1,
        "DbgColor":60928,
        "mapDiffuse":"aufzug_display.png",
        "depthWrite":true
    },{
        "visible":true,
        "colorEmissive":[0,0,0],
        "transparent":false,
        "mapDiffuseAnisotropy":1,
        "depthTest":true,
        "colorSpecular":[0.5,0.5,0.5],
        "blending":"NormalBlending",
        "mapDiffuseRepeat":[1,1],
        "DbgIndex":3,
        "mapDiffuseWrap":["RepeatWrapping","RepeatWrapping"],
        "DbgName":"Material.001",
        "wireframe":false,
        "colorDiffuse":[0.64,0.64,0.64],
        "shading":"phong",
        "specularCoef":50,
        "opacity":1,
        "DbgColor":238,
        "mapDiffuse":"aufzug_brand.jpg",
        "depthWrite":true
    },{
        "visible":true,
        "colorEmissive":[0,0,0],
        "transparent":false,
        "depthTest":true,
        "colorSpecular":[0.5,0.5,0.5],
        "blending":"NormalBlending",
        "DbgIndex":4,
        "DbgName":"Material",
        "wireframe":false,
        "colorDiffuse":[0,0.00478487,0.358391],
        "shading":"phong",
        "specularCoef":50,
        "opacity":1,
        "DbgColor":15658496,
        "depthWrite":true
    }],
    "name":"Cube.002Geometry"
}