{
    "faces":[11,0,1,2,3,0,0,0,0,0,11,4,7,6,5,0,0,0,0,0,11,0,4,5,1,0,0,0,0,0,11,2,1,8,9,0,0,0,0,0,11,2,6,7,3,0,0,0,0,0,11,4,0,3,7,0,0,0,0,0,10,15,11,9,0,0,0,0,10,9,13,27,0,0,0,0,10,9,27,18,0,0,0,0,10,23,15,9,0,0,0,0,10,9,18,23,0,0,0,0,11,5,6,11,10,0,0,0,0,0,11,6,2,9,11,0,0,0,0,0,11,1,5,10,8,0,0,0,0,0,11,36,24,15,23,1,1,2,3,4,10,13,9,8,0,0,0,0,10,8,12,25,0,0,0,0,10,16,21,13,0,0,0,0,10,8,25,16,0,0,0,0,10,8,16,13,0,0,0,0,10,14,10,11,0,0,0,0,10,11,15,24,0,0,0,0,10,19,28,14,0,0,0,0,10,11,24,19,0,0,0,0,10,11,19,14,0,0,0,0,10,12,8,10,0,0,0,0,10,10,14,22,0,0,0,0,10,17,26,12,0,0,0,0,10,10,22,17,0,0,0,0,10,10,17,12,0,0,0,0,11,35,29,18,27,1,5,6,7,8,11,34,30,20,31,1,9,10,11,12,11,33,28,19,32,1,13,14,15,16,11,30,33,32,20,1,10,13,16,11,11,17,22,33,30,1,17,18,13,10,11,22,14,28,33,1,18,19,14,13,11,25,34,31,16,1,20,9,12,21,11,12,26,34,25,1,22,23,9,20,11,26,17,30,34,1,23,17,10,9,11,21,35,27,13,1,24,5,8,25,11,16,31,35,21,1,21,12,5,24,11,31,20,29,35,1,12,11,6,5,11,29,36,23,18,1,6,1,4,7,11,20,32,36,29,1,11,16,1,6,11,32,19,24,36,1,16,15,2,1],
    "vertices":[1.94265,-1.20159,0.00237597,1.94265,-1.20159,0.157476,-1.94265,-1.20159,0.157476,-1.94265,-1.20159,0.00237591,1.94265,1.20159,0.00237586,1.94265,1.20159,0.157476,-1.94265,1.20159,0.157476,-1.94265,1.20159,0.0023758,1.79132,-1.10798,0.157476,-1.79132,-1.10798,0.157476,1.79132,1.10798,0.157476,-1.79132,1.10798,0.157476,1.79132,-1.10798,0.0947546,-1.79132,-1.10798,0.0947546,1.79132,1.10798,0.0947545,-1.79132,1.10798,0.0947545,-2.38419e-07,-1.10798,0.0947546,1.79132,4.14185e-09,0.0947546,-1.79132,4.14185e-09,0.0947545,-9.53674e-07,1.10798,0.0947545,-5.96046e-07,4.14185e-09,0.0947545,-0.89566,-1.10798,0.0947546,1.79132,0.55399,0.0947545,-1.79132,0.55399,0.0947545,-0.895661,1.10798,0.0947545,0.89566,-1.10798,0.0947546,1.79132,-0.55399,0.0947546,-1.79132,-0.55399,0.0947546,0.895659,1.10798,0.0947545,-0.89566,4.14185e-09,0.0947545,0.895659,4.14185e-09,0.0947546,-4.17233e-07,-0.55399,0.0947546,-7.7486e-07,0.55399,0.0947545,0.895659,0.55399,0.0947545,0.895659,-0.55399,0.0947546,-0.89566,-0.55399,0.0947546,-0.89566,0.55399,0.0947545],
    "materials":[{
        "depthTest":true,
        "colorEmissive":[0,0,0],
        "colorDiffuse":[0,2.42113e-08,0.56],
        "wireframe":false,
        "DbgColor":15597568,
        "DbgIndex":1,
        "DbgName":"Material",
        "blending":"NormalBlending",
        "specularCoef":50,
        "depthWrite":true,
        "transparent":false,
        "visible":true,
        "shading":"lambert",
        "colorSpecular":[0.5,0.5,0.5],
        "opacity":1
    },{
        "depthTest":true,
        "colorEmissive":[0,0,0],
        "colorDiffuse":[1,1,1],
        "wireframe":false,
        "DbgColor":15658734,
        "mapDiffuseRepeat":[1,1],
        "mapDiffuseAnisotropy":1,
        "DbgIndex":0,
        "DbgName":"energy_display",
        "blending":"NormalBlending",
        "specularCoef":50,
        "mapDiffuse":"display_optimized.jpg",
        "depthWrite":true,
        "transparent":false,
        "visible":true,
        "mapDiffuseWrap":["RepeatWrapping","RepeatWrapping"],
        "shading":"lambert",
        "colorSpecular":[0.5,0.5,0.5],
        "opacity":1
    }],
    "uvs":[[0,0,0.302041,0.706577,0.319202,0.943619,0.128639,0.926933,0.0977349,0.692417,0.267373,0.236229,0.284707,0.471403,0.066485,0.461638,0.035235,0.230858,0.73165,0.246971,0.721152,0.490935,0.50293,0.481169,0.499512,0.2416,0.710654,0.734898,0.700329,0.976993,0.509765,0.960306,0.506348,0.720737,0.939374,0.5007,0.91496,0.749058,0.890892,0.993679,0.742148,0.00300835,0.496094,0.00203181,0.988203,0.00398488,0.963788,0.252343,0.250039,0.00105527,0.00398505,7.8734e-05]],
    "metadata":{
        "faces":45,
        "type":"Geometry",
        "generator":"io_three",
        "vertices":37,
        "version":3,
        "materials":2,
        "uvs":1
    },
    "name":"CubeGeometry"
}