{
    "uvs":[],
    "name":"Model.000Geometry",
    "materials":[{
        "visible":true,
        "colorSpecular":[0.5,0.5,0.5],
        "shading":"phong",
        "specularCoef":50,
        "blending":"NormalBlending",
        "DbgName":"Material.002",
        "colorDiffuse":[0.381591,0.381591,0.381591],
        "opacity":1,
        "depthWrite":true,
        "colorEmissive":[0,0,0],
        "DbgIndex":2,
        "DbgColor":60928,
        "wireframe":false,
        "depthTest":true,
        "transparent":false
    },{
        "visible":true,
        "colorSpecular":[0.5,0.5,0.5],
        "shading":"phong",
        "specularCoef":50,
        "blending":"NormalBlending",
        "DbgName":"Material",
        "colorDiffuse":[0.122891,0.732539,0.8],
        "opacity":0.5,
        "depthWrite":true,
        "colorEmissive":[0,0,0],
        "DbgIndex":1,
        "DbgColor":15597568,
        "wireframe":false,
        "depthTest":true,
        "transparent":false
    },{
        "visible":true,
        "colorSpecular":[0.5,0.5,0.5],
        "shading":"phong",
        "specularCoef":50,
        "blending":"NormalBlending",
        "DbgName":"Material.001",
        "colorDiffuse":[0.0602702,0.0714503,0.207916],
        "opacity":1,
        "depthWrite":true,
        "colorEmissive":[0,0,0],
        "DbgIndex":0,
        "DbgColor":15658734,
        "wireframe":false,
        "depthTest":true,
        "transparent":false
    }],
    "vertices":[-1.50104,1.20116,0.166625,-1.50104,1.25101,0.166625,-1.50104,1.20116,-0.12382,-1.50104,1.25101,-0.12382,-1.45119,1.20116,0.166625,-1.45119,1.25101,0.166625,-1.45119,1.20116,-0.12382,-1.45119,1.25101,-0.12382,-1.50104,1.20116,0.233778,-1.50104,1.25101,0.233778,-1.50104,1.25101,-0.190973,-1.50104,1.20116,-0.190973,-1.45119,1.25101,-0.190973,-1.45119,1.20116,-0.190973,-1.45119,1.25101,0.233778,-1.45119,1.20116,0.233778,-1.2441,1.25101,-0.12382,-1.2441,1.20116,-0.12382,-1.2441,1.25101,0.166625,-1.2441,1.20116,0.166625,-1.2441,1.25101,-0.190973,-1.2441,1.20116,-0.190973,-1.2441,1.25101,0.233778,-1.2441,1.20116,0.233778,-1.27993,0.369999,0.0570183,-1.27993,2.13,0.0570183,-0.419937,2.13,0.0570183,-0.419937,0.369999,0.0570183,-0.419937,0.369999,-0.0129814,-0.419937,2.13,-0.0129814,-1.27993,2.13,-0.0129814,-1.27993,0.369999,-0.0129814,-1.27993,0.369999,0.0570183,-1.27993,2.13,0.0570183,-0.419937,2.13,0.0570183,-0.419937,0.369999,0.0570183,-0.419937,0.369999,-0.0129814,-0.419937,2.13,-0.0129814,-1.27993,2.13,-0.0129814,-1.27993,0.369999,-0.0129814,-1.64994,2.55,0.122019,-1.64994,-5.93513e-07,0.122019,-1.64994,2.55,-0.0779819,-1.64994,-5.93513e-07,-0.0779819,6.27041e-05,2.55,0.122019,6.27041e-05,2.55,-0.0779819,-1.64994,2.5,0.122019,-0.0499365,2.5,0.122019,-0.0499365,2.5,-0.0779819,-1.64994,2.5,-0.0779819,-0.0499365,-5.93513e-07,0.122019,6.27041e-05,-5.93513e-07,0.122019,6.27041e-05,-5.93513e-07,-0.0779819,-0.0499365,-5.93513e-07,-0.0779819],
    "faces":[3,2,0,1,3,0,3,4,5,18,19,0,3,7,5,4,6,0,3,5,1,9,14,0,3,0,2,6,4,0,3,5,7,3,1,0,3,10,12,13,11,0,3,14,9,8,15,0,3,6,2,11,13,0,3,3,7,12,10,0,3,2,3,10,11,0,3,0,4,15,8,0,3,1,0,8,9,0,3,5,14,22,18,0,3,19,18,22,23,0,3,16,17,21,20,0,3,14,15,23,22,0,3,13,12,20,21,0,3,6,13,21,17,0,3,15,4,19,23,0,3,7,6,17,16,0,3,12,7,16,20,0,3,24,27,26,25,1,3,30,29,28,31,1,3,53,48,45,52,2,3,43,49,38,39,2,3,43,39,36,53,2,3,48,49,42,45,2,3,45,44,51,52,2,3,49,48,37,38,2,3,36,37,48,53,2,3,50,47,34,35,2,3,35,32,41,50,2,3,46,41,32,33,2,3,33,34,47,46,2,3,42,40,44,45,2,3,50,51,44,47,2,3,47,44,40,46,2,3,43,52,51,41,2,3,43,41,40,42,2],
    "metadata":{
        "uvs":0,
        "version":3,
        "generator":"io_three",
        "materials":3,
        "vertices":54,
        "faces":40,
        "type":"Geometry"
    }
}
