{
    "name":"Wing.005Geometry",
    "vertices":[0,2.49458,0.0340126,0,3.62683e-09,0.0340127,0,2.49458,-0.0358354,-0.157182,2.16944,0.0339947,0,2.49458,-0.0359871,-0.157182,2.16944,-0.036005,-0.207801,3.34785e-09,0.033989,-0.178767,2.17987,0.0339922,-0.217151,2.16014,0.0339879,-0.216324,2.15993,0.033988,-0.264325,1.97298,0.0339825,-0.12236,1.31503,0.0339987,-0.178174,0.990719,0.0339924,-0.114516,0.763673,0.0339996,-0.288027,0.481636,0.0339799,-0.281227,0.463024,0.0339807,-0.165905,0.256679,0.0339938,0,3.62683e-09,-0.035987,-0.178767,2.17987,0.000373879,-0.281227,0.463024,-0.0360191,-0.288027,0.481636,-0.0360199,-0.114516,0.763673,-0.0360001,-0.178174,0.990719,-0.0360074,-0.12236,1.31503,-0.036001,-0.264325,1.97298,-0.0360173,-0.216324,2.15993,-0.0360118,-0.217151,2.16014,-0.0360119,-0.178767,2.17987,-0.0360075,-0.177139,0.27678,-0.0360072,-0.165905,0.256679,-0.0360059,-0.207801,3.34785e-09,-0.0269194,-0.217151,2.16014,0.033528,-0.217151,2.16014,0.0330303,-0.207801,5.13487e-08,-0.0360107],
    "uvs":[[-1.29955,1.73594,-1.29955,-0.951497,-1.2243,1.73593,0,0,2.07569,-1.02691,2.29955,-1.02691,2.29955,1.66053,2.13022,1.31024,2.10697,1.32148,2.06562,1.30023,2.06686,1.3002,2.00901,1.09652,2.16471,0.374192,2.10541,0.0418704,2.17384,-0.202071,1.96912,-0.509019,1.97549,-0.530159,2.11957,-0.745195,-1.22414,-0.951497,-1.22413,1.73593,-0.920961,-0.451743,-0.913493,-0.431215,-1.09936,-0.126217,-1.02019,0.121109,-1.07842,0.454852,-0.914877,1.17659,-0.991606,1.37569,-0.990399,1.37576,-1.03155,1.39689,-1.0548,1.38565,-1.0333,-0.65332,-1.00027,-0.961291,-1.22414,-1.02691,-1.00028,-1.02691,-1.0333,-0.65332,-1.00027,-0.951497,-1.04537,-0.674956,-1.00027,-0.961291]],
    "metadata":{
        "vertices":34,
        "uvs":1,
        "type":"Geometry",
        "faces":52,
        "version":3,
        "materials":2,
        "generator":"io_three"
    },
    "faces":[10,0,1,2,0,0,1,2,10,5,3,0,1,3,3,3,10,2,4,5,1,3,3,3,10,0,2,5,1,3,3,3,10,16,6,1,0,17,4,5,10,1,0,3,0,5,6,7,10,3,7,8,0,7,8,9,10,9,10,11,0,10,11,12,10,3,8,9,0,7,9,10,10,15,16,1,0,16,17,5,10,13,14,15,0,14,15,16,10,11,12,13,0,12,13,14,10,3,9,11,0,7,10,12,10,13,15,1,0,14,16,5,10,1,3,11,0,5,7,12,10,1,11,13,0,5,12,14,11,2,1,17,4,0,2,1,18,19,11,7,3,5,18,1,3,3,3,3,10,28,19,20,0,30,20,21,10,21,22,23,0,22,23,24,10,28,20,21,0,30,21,22,10,5,4,17,0,29,19,18,10,26,27,5,0,27,28,29,10,23,24,25,0,24,25,26,10,25,26,5,0,26,27,29,10,17,28,21,0,18,30,22,10,23,25,5,0,24,26,29,10,17,21,23,0,18,22,24,10,23,5,17,0,24,29,18,11,30,17,1,6,0,31,18,32,33,11,8,7,18,31,1,3,3,3,3,10,25,9,8,1,3,3,3,10,8,31,32,1,3,3,3,10,26,25,8,1,3,3,3,10,8,32,26,1,3,3,3,11,10,9,25,24,1,3,3,3,3,11,22,21,13,12,1,3,3,3,3,11,21,20,14,13,1,3,3,3,3,11,15,14,20,19,1,3,3,3,3,10,15,19,28,1,3,3,3,10,28,29,16,1,3,3,3,10,28,16,15,1,3,3,3,10,18,5,27,1,3,3,3,10,32,27,26,1,3,3,3,11,28,17,33,29,0,34,18,35,36,10,33,30,6,1,3,3,3,10,6,16,29,1,3,3,3,10,6,29,33,1,3,3,3,10,33,17,30,0,35,18,37,11,31,18,27,32,1,3,3,3,3,11,23,22,12,11,1,3,3,3,3,11,11,10,24,23,1,3,3,3,3],
    "materials":[{
        "transparent":false,
        "opacity":1,
        "mapDiffuseRepeat":[1.001,1.001],
        "visible":true,
        "colorEmissive":[0,0,0],
        "mapDiffuseWrap":["RepeatWrapping","RepeatWrapping"],
        "mapDiffuseAnisotropy":1,
        "blending":"NormalBlending",
        "DbgColor":15597568,
        "mapDiffuse":"door_tex2.jpg",
        "depthWrite":true,
        "depthTest":true,
        "colorDiffuse":[0.64,0.64,0.64],
        "shading":"lambert",
        "DbgIndex":1,
        "DbgName":"door_mat",
        "wireframe":false
    },{
        "transparent":false,
        "opacity":1,
        "visible":true,
        "colorEmissive":[0,0,0],
        "blending":"NormalBlending",
        "DbgColor":15658734,
        "depthWrite":true,
        "depthTest":true,
        "specularCoef":50,
        "colorDiffuse":[0.230625,0.230625,0.230625],
        "shading":"phong",
        "DbgIndex":0,
        "colorSpecular":[0.5,0.5,0.5],
        "DbgName":"griff",
        "wireframe":false
    }]
}