{
    "vertices":[-1.50104,1.20116,0.166625,-1.50104,1.25101,0.166625,-1.50104,1.20116,-0.12382,-1.50104,1.25101,-0.12382,-1.45119,1.20116,0.166625,-1.45119,1.25101,0.166625,-1.45119,1.20116,-0.12382,-1.45119,1.25101,-0.12382,-1.50104,1.20116,0.233778,-1.50104,1.25101,0.233778,-1.50104,1.25101,-0.190973,-1.50104,1.20116,-0.190973,-1.45119,1.25101,-0.190973,-1.45119,1.20116,-0.190973,-1.45119,1.25101,0.233778,-1.45119,1.20116,0.233778,-1.2441,1.25101,-0.12382,-1.2441,1.20116,-0.12382,-1.2441,1.25101,0.166625,-1.2441,1.20116,0.166625,-1.2441,1.25101,-0.190973,-1.2441,1.20116,-0.190973,-1.2441,1.25101,0.233778,-1.2441,1.20116,0.233778,-1.27993,0.369999,0.0570183,-1.27993,2.13,0.0570183,-0.419937,2.13,0.0570183,-0.419937,0.369999,0.0570183,-0.419937,0.369999,-0.0129814,-0.419937,2.13,-0.0129814,-1.27993,2.13,-0.0129814,-1.27993,0.369999,-0.0129814,-2.24994,0.369999,0.122019,-2.24994,2.13,0.122019,-1.84993,2.13,0.122019,-1.84993,0.369999,0.122019,-1.84993,0.369999,-0.0779819,-1.84993,2.13,-0.0779819,-2.24994,2.13,-0.0779819,-2.24994,0.369999,-0.0779819,-1.27993,0.369999,0.0570183,-1.27993,2.13,0.0570183,-0.419937,2.13,0.0570183,-0.419937,0.369999,0.0570183,-0.419937,0.369999,-0.0129814,-0.419937,2.13,-0.0129814,-1.27993,2.13,-0.0129814,-1.27993,0.369999,-0.0129814,-2.44994,2.55,0.122019,-2.24994,0.369999,0.122019,-2.24994,2.13,0.122019,-2.44994,-5.93513e-07,0.122019,-1.64994,2.55,0.122019,-1.84993,2.13,0.122019,-1.84993,0.369999,0.122019,-1.64994,-5.93513e-07,0.122019,-1.64994,2.55,-0.0779819,-1.84993,0.369999,-0.0779819,-1.84993,2.13,-0.0779819,-1.64994,-5.93513e-07,-0.0779819,-2.44994,2.55,-0.0779819,-2.24994,2.13,-0.0779819,-2.44994,-5.93513e-07,-0.0779819,-2.24994,0.369999,-0.0779819,6.27041e-05,2.55,0.122019,6.27041e-05,2.55,-0.0779819,-1.64994,2.5,0.122019,-0.0499365,2.5,0.122019,-0.0499365,2.5,-0.0779819,-1.64994,2.5,-0.0779819,-0.0499365,-5.93513e-07,0.122019,6.27041e-05,-5.93513e-07,0.122019,6.27041e-05,-5.93513e-07,-0.0779819,-0.0499365,-5.93513e-07,-0.0779819],
    "name":"Model.001Geometry",
    "faces":[3,2,0,1,3,0,3,4,5,18,19,0,3,7,5,4,6,0,3,5,1,9,14,0,3,0,2,6,4,0,3,5,7,3,1,0,3,10,12,13,11,0,3,14,9,8,15,0,3,6,2,11,13,0,3,3,7,12,10,0,3,2,3,10,11,0,3,0,4,15,8,0,3,1,0,8,9,0,3,5,14,22,18,0,3,19,18,22,23,0,3,16,17,21,20,0,3,14,15,23,22,0,3,13,12,20,21,0,3,6,13,21,17,0,3,15,4,19,23,0,3,7,6,17,16,0,3,12,7,16,20,0,3,24,27,26,25,1,3,30,29,28,31,1,3,34,33,32,35,1,3,38,37,36,39,1,3,73,68,65,72,2,3,59,69,46,47,2,3,59,47,44,73,2,3,68,69,56,65,2,3,65,64,71,72,2,3,60,56,58,61,2,3,62,63,57,59,2,3,63,62,60,61,2,3,62,51,48,60,2,3,69,68,45,46,2,3,44,45,68,73,2,3,70,67,42,43,2,3,43,40,55,70,2,3,54,49,51,55,2,3,66,55,40,41,2,3,41,42,67,66,2,3,52,53,54,55,2,3,49,50,48,51,2,3,48,50,53,52,2,3,56,60,48,52,2,3,56,52,64,65,2,3,70,71,64,67,2,3,67,64,52,66,2,3,59,72,71,55,2,3,59,55,51,62,2,2,69,59,57,2,2,57,58,56,2,2,69,57,56,2],
    "materials":[{
        "shading":"phong",
        "DbgColor":60928,
        "DbgName":"Material.002",
        "colorSpecular":[0.5,0.5,0.5],
        "visible":true,
        "depthWrite":true,
        "DbgIndex":2,
        "opacity":1,
        "transparent":false,
        "depthTest":true,
        "colorDiffuse":[0.381591,0.381591,0.381591],
        "colorEmissive":[0,0,0],
        "wireframe":false,
        "blending":"NormalBlending",
        "specularCoef":50
    },{
        "shading":"phong",
        "DbgColor":15597568,
        "DbgName":"Material",
        "colorSpecular":[0.5,0.5,0.5],
        "visible":true,
        "depthWrite":true,
        "DbgIndex":1,
        "opacity":0.5,
        "transparent":false,
        "depthTest":true,
        "colorDiffuse":[0.122891,0.732539,0.8],
        "colorEmissive":[0,0,0],
        "wireframe":false,
        "blending":"NormalBlending",
        "specularCoef":50
    },{
        "shading":"phong",
        "DbgColor":15658734,
        "DbgName":"Material.001",
        "colorSpecular":[0.5,0.5,0.5],
        "visible":true,
        "depthWrite":true,
        "DbgIndex":0,
        "opacity":1,
        "transparent":false,
        "depthTest":true,
        "colorDiffuse":[0.0602702,0.0714503,0.207916],
        "colorEmissive":[0,0,0],
        "wireframe":false,
        "blending":"NormalBlending",
        "specularCoef":50
    }],
    "uvs":[],
    "metadata":{
        "type":"Geometry",
        "version":3,
        "faces":54,
        "generator":"io_three",
        "materials":3,
        "uvs":0,
        "vertices":74
    }
}