{
    "metadata":{
        "version":3,
        "type":"Geometry",
        "faces":268,
        "vertices":173,
        "generator":"io_three",
        "materials":3,
        "uvs":1
    },
    "name":"Wing.005Geometry",
    "vertices":[-1.6,1.47878e-09,0.0338306,-1.6,2.5,0.0338305,-1.6,-1.58103e-09,-0.0361696,-1.6,2.5,-0.0361698,1.19209e-07,1.48674e-09,0.0340126,1.19209e-07,2.5,0.0340125,5.96046e-08,-1.57304e-09,-0.035987,1.19209e-07,2.5,-0.0359871,0,2.49458,0.0340126,0,3.62683e-09,0.0340127,0,2.49458,-0.0358354,-0.157182,2.16944,0.0339947,0,2.49458,-0.0359871,-0.157182,2.16944,-0.036005,-1.08075,0.811331,0.0338897,-1.6,1.47878e-09,0.0338306,-0.178767,2.17987,0.0339922,-0.217151,2.16014,0.0339879,-0.216324,2.15993,0.033988,-0.331317,1.71206,0.0339749,-0.275364,1.35063,0.0339813,-0.297841,1.34715,0.0339787,-0.278398,1.21867,0.033981,-0.507575,0.860513,0.0339549,-0.543755,0.985046,0.0339508,-0.55085,0.987855,0.03395,-0.857389,0.744894,0.0339151,-0.927752,0.833671,0.0339071,-1.07483,0.790942,0.0338903,0,3.62683e-09,-0.035987,-0.178767,2.17987,0.000373879,-0.55085,0.987855,-0.0360499,-0.543755,0.985046,-0.0360491,-0.507575,0.860513,-0.0360449,-0.278398,1.21867,-0.0360188,-0.297841,1.34715,-0.036021,-0.275364,1.35063,-0.0360185,-0.331317,1.71206,-0.0360249,-0.216324,2.15993,-0.0360118,-0.217151,2.16014,-0.0360119,-0.178767,2.17987,-0.0360075,-0.604839,0.945064,-0.036056,-1.07483,0.790942,-0.0361097,-1.44753,1.91666,0.0338479,-1.34632,2.26962,0.0338594,-1.46472,2.5,0.0338459,-1.6,2.5,0.0338305,-1.09588,0.863421,0.0338879,-1.32169,1.12318,0.0338622,-1.29102,1.42263,0.0338657,-1.47178,1.67698,0.0338451,-1.40274,1.72605,0.033853,-1.49124,1.93069,0.0338429,-0.217151,2.16014,0.033528,-0.217151,2.16014,0.0330303,-0.543755,0.985046,0.0275743,-0.55085,0.987855,0.0236849,-0.857389,0.744894,-0.0360849,-0.927752,0.833671,-0.0360929,-1.6,3.71068e-07,-0.0361695,-1.6,2.5,-0.0361697,-1.37919,2.15499,-0.0361445,-1.44753,1.91666,-0.0361522,-1.49124,1.93069,-0.0361572,-1.44327,1.81975,-0.0361517,-1.43714,1.7016,-0.036151,-1.47178,1.67698,-0.036155,-1.43303,1.62246,-0.0361506,-1.41501,1.275,-0.0361485,-1.41539,1.275,-0.0361485,-1.46501,1.275,-0.0361542,-1.46501,1.27461,-0.0361542,-1.46501,1.225,-0.0361542,-1.31596,1.17913,-0.0361372,-1.32169,1.12318,-0.0361378,-1.09588,0.863421,-0.0361121,-1.09588,0.863421,0.02229,-1.44753,1.91666,0.0331914,-1.34632,2.26962,-0.0361407,-1.46472,2.5,-0.0361542,-1.46472,2.5,-0.0302359,-1.29102,1.42263,0.0102662,-1.40274,1.72605,-0.0361471,-1.30346,1.30115,-0.0361358,-1.29102,1.42263,-0.0361344,-1.41501,1.27442,-0.0361485,-1.46443,1.225,-0.0361541,-1.46503,1.225,-0.184991,-1.31153,1.22238,-0.0361367,-1.29102,1.42263,-0.0150421,-1.40274,1.72605,-0.00939001,-1.30349,1.3009,-0.0361358,-1.31153,1.22239,-0.0361367,-1.46501,1.275,-0.0349912,-1.46501,1.225,-0.0349911,-1.30741,1.26266,-0.0361362,-1.41501,1.225,-0.0361485,-1.31149,1.22283,-0.0361367,-1.30986,1.2387,-0.0361365,-1.41502,1.225,-0.134997,-1.41501,1.225,-0.034997,-1.41501,1.275,-0.034997,-1.41501,1.275,0.0349969,-1.46501,1.275,0.034991,-1.46503,1.275,0.184991,-1.41502,1.275,0.134997,-1.46503,1.225,0.184991,-1.41502,1.225,0.134997,-1.21502,1.275,0.135019,-1.46501,1.225,0.034991,-1.21503,1.275,0.18502,-1.41501,1.225,0.0349969,-1.21503,1.225,0.18502,-1.21502,1.225,0.135019,-1.41539,1.275,-0.0361485,-1.46503,1.275,-0.184991,-1.46501,1.275,-0.0361542,-1.46501,1.275,-0.0349912,-1.41501,1.275,-0.034997,-1.41539,1.275,-0.0361485,-1.46503,1.275,-0.184991,-1.46501,1.275,-0.0349912,-1.46503,1.225,-0.184991,-1.46501,1.225,-0.0349911,-1.41502,1.225,-0.134997,-1.41501,1.225,-0.034997,-1.41502,1.275,-0.134997,-1.21502,1.275,-0.13502,-1.21503,1.275,-0.18502,-1.21503,1.225,-0.18502,-1.21502,1.225,-0.13502,-1.41501,1.275,-0.0361485,-1.46501,1.275,-0.0361542,-1.46501,1.27461,-0.0361542,-1.41501,1.27442,-0.0361485,-1.46501,1.225,-0.0361542,-1.46443,1.225,-0.0361541,-1.44001,1.024,0.0407059,-1.40465,1.03865,0.0407101,-1.40465,1.03865,0.0507098,-1.44001,1.024,0.0507057,-1.39001,1.074,0.0507116,-1.44001,1.074,0.0507061,-1.47536,1.03865,0.0407018,-1.39001,1.074,0.0407118,-1.47536,1.03865,0.050702,-1.40465,1.10936,0.0507103,-1.49001,1.074,0.0507003,-1.49001,1.074,0.0407005,-1.44001,1.124,0.0507061,-1.40465,1.10936,0.0407101,-1.47536,1.10936,0.050702,-1.44001,1.074,0.0407059,-1.47536,1.10936,0.0407022,-1.44001,1.124,0.0407064,-1.44001,1.024,-0.040706,-1.40465,1.03865,-0.0507099,-1.40465,1.03865,-0.0407102,-1.44001,1.024,-0.0507058,-1.39001,1.074,-0.0507117,-1.47536,1.03865,-0.0407019,-1.44001,1.074,-0.0507062,-1.39001,1.074,-0.0407119,-1.47536,1.03865,-0.0507021,-1.40465,1.10936,-0.0507104,-1.49001,1.074,-0.0407006,-1.49001,1.074,-0.0507004,-1.44001,1.124,-0.0507062,-1.40465,1.10936,-0.0407102,-1.47536,1.10936,-0.0507021,-1.44001,1.074,-0.040706,-1.47536,1.10936,-0.0407023,-1.44001,1.124,-0.0407065],
    "materials":[{
        "DbgColor":238,
        "transparent":true,
        "opacity":0,
        "colorEmissive":[0,0,0],
        "colorDiffuse":[0,0,0],
        "DbgName":"Material.002",
        "depthWrite":true,
        "shading":"lambert",
        "depthTest":true,
        "wireframe":false,
        "DbgIndex":3,
        "blending":"NormalBlending",
        "visible":true
    },{
        "DbgColor":15597568,
        "transparent":false,
        "opacity":1,
        "colorEmissive":[0,0,0],
        "colorDiffuse":[0.64,0.64,0.64],
        "DbgName":"door_mat",
        "depthWrite":true,
        "shading":"lambert",
        "depthTest":true,
        "wireframe":false,
        "DbgIndex":1,
        "blending":"NormalBlending",
        "visible":true,
        "mapDiffuseAnisotropy":1,
        "mapDiffuse":"door_tex2.jpg",
        "mapDiffuseWrap":["RepeatWrapping","RepeatWrapping"],
        "mapDiffuseRepeat":[1,1]
    },{
        "DbgColor":15658734,
        "transparent":false,
        "opacity":1,
        "colorEmissive":[0,0,0],
        "colorDiffuse":[0.230625,0.230625,0.230625],
        "DbgName":"griff",
        "depthWrite":true,
        "shading":"phong",
        "depthTest":true,
        "wireframe":false,
        "DbgIndex":0,
        "blending":"NormalBlending",
        "visible":true,
        "colorSpecular":[0.5,0.5,0.5],
        "specularCoef":50
    }],