{
    "vertices":[0.714906,-8.65397e-08,-1.07981,1.27442,-2.92431e-10,0.893302,-1.16495,1.15817e-08,1.16495,-1.03926,-8.35178e-08,-1.14873,0.468476,0.304238,-0.462745,0.541962,0.283555,0.434453,-0.368232,0.192332,0.503076,-0.314609,0.233629,-0.373319,1.20144,-4.70658e-08,-0.176748,-1.4053,-4.05085e-08,-0.0267339,0.486903,0.343761,-0.00271121,-0.340805,0.213455,0.0548224,-0.192161,-1.00766e-07,-1.27847,0.115977,2.39875e-08,1.44876,0.100924,0.306424,-0.420772,0.0957714,0.257657,0.490264,0.0984066,0.381227,0.024293,0.0713783,-4.05084e-08,-0.0267337],
    "name":"CubeGeometry",
    "faces":[11,17,13,2,9,0,0,1,2,3,11,16,11,6,15,0,4,5,6,7,11,8,10,5,1,0,8,9,10,11,11,13,15,6,2,0,12,7,6,13,11,9,11,7,3,0,3,5,14,15,11,14,12,3,7,0,16,17,15,14,11,2,6,11,9,0,13,6,5,3,11,0,4,10,8,0,18,19,9,8,11,14,7,11,16,0,16,14,5,4,11,12,17,9,3,0,20,0,3,15,11,0,8,17,12,0,21,22,0,20,11,4,14,16,10,0,19,16,4,9,11,4,0,12,14,0,19,18,17,16,11,1,5,15,13,0,11,10,7,12,11,10,16,15,5,0,9,4,7,10,11,8,1,13,17,0,22,23,1,0],
    "metadata":{
        "vertices":18,
        "faces":16,
        "uvs":1,
        "materials":1,
        "type":"Geometry",
        "generator":"io_three",
        "version":3
    },
    "materials":[{
        "depthWrite":true,
        "mapDiffuseRepeat":[1,1],
        "visible":true,
        "colorDiffuse":[0.64,0.64,0.64],
        "transparent":false,
        "DbgIndex":0,
        "depthTest":true,
        "blending":"NormalBlending",
        "mapDiffuseWrap":["RepeatWrapping","RepeatWrapping"],
        "opacity":1,
        "mapDiffuseAnisotropy":1,
        "DbgColor":15658734,
        "DbgName":"Material",
        "mapDiffuse":"rubble_tex.jpg",
        "colorEmissive":[0,0,0],
        "wireframe":false,
        "shading":"lambert"
    }],
    "uvs":[[0.268424,0.747181,0.0233694,0.836345,6.93233e-05,0.60575,0.186676,0.499458,0.262176,0.24383,0.231697,0.315832,0.156922,0.29601,0.185759,0.22102,0.358218,0.067449,0.286316,0.185252,0.219733,0.152085,0.181261,6.93233e-05,0.0240632,0.163127,0.00104745,0.392694,0.303901,0.33342,0.395161,0.498751,0.332764,0.266898,0.464475,0.364514,0.480708,0.201371,0.3568,0.210222,0.463821,0.633675,0.480708,0.796839,0.356149,0.928451,0.180682,0.999931]]
}