{
    "faces":[11,1,0,3,2,0,0,1,2,3,10,7,6,5,1,4,4,4,10,7,4,6,1,4,4,4,10,4,8,9,1,4,4,4,10,4,10,8,1,4,4,4,10,9,11,12,1,4,4,4,10,9,8,11,1,4,4,4,10,8,13,11,1,4,4,4,10,8,10,13,1,4,4,4,10,14,5,15,1,4,4,4,10,14,7,5,1,4,4,4,10,16,14,17,1,4,4,4,10,16,7,14,1,4,4,4,10,16,18,19,1,4,4,4,10,16,17,18,1,4,4,4,10,17,15,18,1,4,4,4,10,17,14,15,1,4,4,4,10,4,12,6,1,4,4,4,10,4,9,12,1,4,4,4,10,20,22,21,1,4,4,4,10,20,21,23,1,4,4,4,10,22,18,11,1,4,4,4,10,22,21,18,1,4,4,4,10,28,29,30,1,4,4,4,10,28,31,29,1,4,4,4,10,28,32,31,1,4,4,4,10,28,33,32,1,4,4,4,10,32,34,35,1,4,4,4,10,32,33,34,1,4,4,4,10,31,36,29,1,4,4,4,10,31,37,36,1,4,4,4,10,38,35,39,1,4,4,4,10,38,32,35,1,4,4,4,10,28,40,41,1,4,4,4,10,28,30,40,1,4,4,4,10,37,40,36,1,4,4,4,10,37,41,40,1,4,4,4,10,33,43,34,1,4,4,4,10,33,42,43,1,4,4,4,11,43,39,35,34,1,4,4,4,4,11,43,42,38,39,1,4,4,4,4,11,36,40,30,29,1,4,4,4,4,11,18,15,5,19,1,4,4,4,4,11,11,13,6,12,1,4,4,4,4,11,49,51,50,48,1,4,4,4,4,11,51,55,54,50,1,4,4,4,4,11,55,53,52,54,1,4,4,4,4,11,53,49,48,52,1,4,4,4,4,11,54,52,58,59,1,4,4,4,4,11,53,55,51,49,1,4,4,4,4,11,59,58,62,63,1,4,4,4,4,11,48,50,57,56,1,4,4,4,4,11,50,54,59,57,1,4,4,4,4,11,52,48,56,58,1,4,4,4,4,11,60,61,63,62,1,4,4,4,4,11,56,57,61,60,1,4,4,4,4,11,58,56,60,62,1,4,4,4,4,11,57,59,63,61,1,4,4,4,4,11,68,67,71,72,1,4,4,4,4,11,72,71,75,76,1,4,4,4,4,11,64,66,70,69,1,4,4,4,4,11,66,68,72,70,1,4,4,4,4,11,67,64,69,71,1,4,4,4,4,11,73,74,76,75,1,4,4,4,4,11,69,70,74,73,1,4,4,4,4,11,71,69,73,75,1,4,4,4,4,11,70,72,76,74,1,4,4,4,4,11,81,80,84,85,1,4,4,4,4,11,85,84,88,89,1,4,4,4,4,11,77,79,83,82,1,4,4,4,4,11,79,81,85,83,1,4,4,4,4,11,80,77,82,84,1,4,4,4,4,11,86,87,89,88,1,4,4,4,4,11,82,83,87,86,1,4,4,4,4,11,84,82,86,88,1,4,4,4,4,11,83,85,89,87,1,4,4,4,4,11,94,93,97,98,1,4,4,4,4,11,98,97,101,102,1,4,4,4,4,11,90,92,96,95,1,4,4,4,4,11,92,94,98,96,1,4,4,4,4,11,93,90,95,97,1,4,4,4,4,11,99,100,102,101,1,4,4,4,4,11,95,96,100,99,1,4,4,4,4,11,97,95,99,101,1,4,4,4,4,11,96,98,102,100,1,4,4,4,4,11,26,24,103,104,1,4,4,4,4,11,105,106,104,25,1,4,4,4,4],
    "vertices":[0.786894,2.49761,0.406299,0.786894,0.265959,0.406299,-0.759051,0.296301,0.40455,-0.763528,2.51774,0.397247,0.819238,2.52996,0.0828701,-0.771741,0.364774,0.0748894,0.819238,0.265959,0.0828703,-0.794589,2.56275,0.0681226,0.786893,2.52996,0.470984,0.819237,2.52996,0.470984,0.786896,2.52996,0.0828701,0.786893,0.265959,0.470984,0.819237,0.265959,0.470984,0.786896,0.265959,0.0828703,-0.796952,2.53938,0.466742,-0.794683,0.279308,0.470133,-0.761239,2.57272,0.0636397,-0.764083,2.54459,0.464401,-0.762444,0.280412,0.470171,-0.740543,0.367906,0.0750454,0.786896,0.298302,0.0828703,-0.76176,0.312896,0.469938,0.786893,0.298302,0.470984,-0.73783,0.402276,0.073547,-0.759051,0.2963,0.404549,0.786894,2.49761,0.406298,-0.763528,2.51774,0.397247,0.786894,0.265959,0.406298,0.786893,0.265959,0.438642,0.741613,0.00721666,0.438641,0.786893,0.00721666,0.438642,0.741613,0.220679,0.438641,-0.717113,0.242592,0.437891,-0.760929,0.28739,0.437417,-0.764703,0.0197525,0.438528,-0.719441,0.0194981,0.43853,0.741613,0.00721666,0.393362,0.741613,0.220679,0.393362,-0.715133,0.255745,0.392107,-0.718926,0.0269406,0.393184,0.786894,0.00721666,0.393362,0.786894,0.220679,0.393362,-0.758189,0.300423,0.391369,-0.764185,0.0271547,0.39318,-0.740543,0.367906,0.0750454,-0.740543,0.367906,0.0750454,-0.771741,0.364774,0.0748894,-0.740543,0.367906,0.0750454,-0.743553,0.334761,0.108741,-0.743553,0.363717,0.108741,-0.772509,0.334761,0.108741,-0.772509,0.363717,0.108741,-0.743553,0.334761,0.079785,-0.743553,0.363717,0.079785,-0.772509,0.334761,0.079785,-0.772509,0.363717,0.079785,-0.743553,0.120462,0.108741,-0.772509,0.120462,0.108741,-0.743553,0.120462,0.079785,-0.772509,0.120462,0.079785,-0.743553,0.0291727,0.108741,-0.772509,0.0291727,0.108741,-0.743553,0.0291727,0.079785,-0.772509,0.0291727,0.079785,-0.743553,0.334761,0.108741,-0.743553,0.363717,0.108741,-0.772509,0.334761,0.108741,-0.743553,0.334761,0.079785,-0.772509,0.334761,0.079785,-0.743553,0.120462,0.108741,-0.772509,0.120462,0.108741,-0.743553,0.120462,0.079785,-0.772509,0.120462,0.079785,-0.743553,0.0291727,0.108741,-0.772509,0.0291727,0.108741,-0.743553,0.0291727,0.079785,-0.772509,0.0291727,0.079785,-0.743553,0.334761,0.108741,-0.743553,0.363717,0.108741,-0.772509,0.334761,0.108741,-0.743553,0.334761,0.079785,-0.772509,0.334761,0.079785,-0.743553,0.120462,0.108741,-0.772509,0.120462,0.108741,-0.743553,0.120462,0.079785,-0.772509,0.120462,0.079785,-0.743553,0.0291727,0.108741,-0.772509,0.0291727,0.108741,-0.743553,0.0291727,0.079785,-0.772509,0.0291727,0.079785,0.815675,0.334761,0.108741,0.815675,0.363717,0.108741,0.78672,0.334761,0.108741,0.815675,0.334761,0.0797851,0.78672,0.334761,0.0797851,0.815675,0.120462,0.108741,0.78672,0.120462,0.108741,0.815675,0.120462,0.0797851,0.78672,0.120462,0.0797851,0.815675,0.0291726,0.108741,0.78672,0.0291726,0.108741,0.815675,0.0291726,0.0797851,0.78672,0.0291726,0.0797851,-0.759051,0.2963,0.404549,-0.763528,2.51774,0.397247,0.786894,2.49761,0.0816629,-0.763528,2.51774,0.0751644],
    "materials":[{
        "DbgName":"Material",
        "DbgIndex":1,
        "mapDiffuse":"books.jpg",
        "transparent":false,
        "specularCoef":50,
        "colorEmissive":[0,0,0],
        "mapDiffuseAnisotropy":1,
        "visible":true,
        "colorDiffuse":[0.64,0.64,0.64],
        "depthWrite":true,
        "wireframe":false,
        "DbgColor":15597568,
        "colorSpecular":[0.5,0.5,0.5],
        "shading":"phong",
        "opacity":1,
        "mapDiffuseRepeat":[1.001,1.001],
        "mapDiffuseWrap":["RepeatWrapping","RepeatWrapping"],
        "blending":"NormalBlending",
        "depthTest":true
    },{
        "DbgName":"Material.001",
        "DbgIndex":0,
        "transparent":false,
        "specularCoef":50,
        "colorEmissive":[0,0,0],
        "visible":true,
        "colorDiffuse":[0.266757,0.0559854,0.0160059],
        "depthWrite":true,
        "wireframe":false,
        "DbgColor":15658734,
        "colorSpecular":[0.5,0.5,0.5],
        "shading":"phong",
        "opacity":1,
        "blending":"NormalBlending",
        "depthTest":true
    }],
    "uvs":[[1.08332,-0.775256,1.07208,1.51437,-0.518742,1.52722,-0.50294,-0.75191,0,0]],
    "metadata":{
        "faces":87,
        "vertices":107,
        "materials":2,
        "uvs":1,
        "type":"Geometry",
        "version":3,
        "generator":"io_three"
    },
    "name":"BueroGeometry"
}