{
    "materials":[{
        "wireframe":false,
        "depthWrite":true,
        "colorEmissive":[0,0,0],
        "mapDiffuse":"rubble2.jpg",
        "mapDiffuseWrap":["RepeatWrapping","RepeatWrapping"],
        "blending":"NormalBlending",
        "colorDiffuse":[0.64,0.64,0.64],
        "visible":true,
        "DbgIndex":0,
        "DbgColor":15658734,
        "depthTest":true,
        "mapDiffuseRepeat":[1,1],
        "opacity":1,
        "transparent":false,
        "mapDiffuseAnisotropy":1,
        "shading":"lambert",
        "DbgName":"Material.001"
    }],
    "metadata":{
        "generator":"io_three",
        "version":3,
        "materials":1,
        "uvs":1,
        "vertices":18,
        "faces":14,
        "type":"Geometry"
    },
    "faces":[11,10,7,6,11,0,0,1,2,3,11,12,4,5,13,0,4,5,6,7,11,17,11,6,14,0,8,3,2,9,11,14,6,7,15,0,9,2,1,10,11,16,8,3,15,0,11,12,13,10,11,12,0,8,16,0,4,14,12,11,11,13,5,11,17,0,7,6,3,8,11,4,10,11,5,0,5,0,3,6,11,1,13,17,9,0,15,7,8,16,11,4,12,16,10,0,5,4,11,0,11,10,16,15,7,0,0,11,10,1,11,2,14,15,3,0,17,9,10,13,11,9,17,14,2,0,16,8,9,17,11,0,12,13,1,0,14,4,7,15],
    "uvs":[[0.493083,0.548516,0.421762,0.608054,0.320384,0.601332,0.377037,0.509095,0.704495,0.414628,0.577958,0.484351,0.442614,0.406898,0.432286,0.236064,0.248542,0.415809,0.195038,0.660655,0.460737,0.763066,0.664231,0.61693,0.893503,0.664857,0.495171,0.999906,0.893503,0.311161,0.501842,9.45114e-05,0.0635867,0.243444,9.45114e-05,0.729573]],
    "name":"CubeGeometry",
    "vertices":[1.96049,-5.24841e-08,-1.2007,2.45722,5.02975e-08,1.15067,-1.77342,0.00128103,1.81243,-1.93652,0.0624802,-1.02572,0.589553,0.692728,-0.267723,0.61008,0.668653,0.556387,-0.638552,0.888312,0.746251,-0.442644,1.07895,0.160378,0.458217,-8.57613e-08,-1.96199,0.482596,0.0535124,2.51178,0.121474,1.03258,-0.0451854,-0.0185654,0.859951,0.654144,1.15893,0.419756,-0.661386,1.35732,0.437966,0.9804,-1.13916,0.486417,1.16238,-1.05563,0.619833,-0.398737,0.159221,0.538916,-0.970933,0.130792,0.529754,1.42424]
}