{
    "faces":[42,4,6,5,0,0,1,2,0,0,0,42,4,5,7,0,0,2,3,1,1,1,43,26,24,27,25,0,4,5,6,7,2,2,2,2,43,23,21,22,20,0,8,9,10,11,3,3,3,3,43,12,11,2,5,0,12,13,14,15,4,4,4,4,43,6,13,12,5,0,16,17,12,15,4,4,4,4,43,0,14,13,6,0,18,19,17,16,4,4,4,4,43,7,19,17,4,0,20,21,22,23,5,5,5,5,43,19,7,3,18,0,21,20,24,25,3,3,3,3,43,9,17,16,1,0,26,27,28,29,3,3,3,3,43,18,3,1,16,0,25,24,29,28,3,3,3,3,43,0,1,3,2,0,18,29,24,14,6,6,6,6,43,6,8,10,5,0,30,31,32,33,2,2,2,2,42,15,10,7,0,34,35,36,7,7,7,43,7,4,9,15,0,36,37,38,34,8,8,8,8,43,3,7,5,2,0,24,20,15,14,7,7,7,7,43,31,32,36,37,0,39,40,41,42,9,9,9,9,42,33,36,32,0,43,44,45,10,10,10,43,33,28,34,36,0,43,46,47,44,11,11,11,11,43,33,32,30,28,0,43,45,48,46,12,12,12,12,43,31,37,35,29,0,39,42,49,50,13,13,13,13,43,34,30,29,35,0,51,52,50,49,14,14,14,14,42,30,34,28,0,48,47,46,15,15,15,43,32,36,34,30,0,45,44,47,48,16,16,16,16,43,0,6,4,1,0,18,16,53,29,17,17,17,17],
    "metadata":{
        "generator":"io_three",
        "normals":18,
        "uvs":1,
        "materials":1,
        "type":"Geometry",
        "faces":25,
        "version":3,
        "vertices":38
    },
    "name":"BueroGeometry.3",
    "normals":[0,0,1,-0,-0,1,-0,-1,-0,0,-1,-0,0,1,-0,0,-1,-0,0,0,-1,-1,0,-0,0,-1,0,0.447927,0.89407,-0,0.000563,0.707105,0.707109,-0,0,-1,1,-0.000796,-0,0.447213,-0.000356,0.894427,0.446501,-0.894783,-0,-0.000563,-0.707106,0.707107,-0.447213,0.000356,0.894427,1,0,-0],
    "vertices":[0,0,0,0,0,8.5,7,0,0,7,0,8.5,0,4.65,8.5,7,4.65,0,0,4.65,0,7,4.65,8.5,0,5,0,0,5,8.5,7,5,0,2.7,0,0,2.7,2.55,0,1,2.55,0,1,0,0,7,5,8.5,0.35,1.2,8.5,0.35,4.2,8.5,6.65,1.2,8.5,6.65,4.2,8.5,2.25,4.2,8.5,2.55,1.2,8.5,2.25,1.2,8.5,2.55,4.2,8.5,4.45,4.2,8.5,4.75,1.2,8.5,4.45,1.2,8.5,4.75,4.2,8.5,0.09996,3.32,2.25,0.1,1.27,2.3,0.1,3.27,2.3,0.103982,1.27,7.3,0.103982,3.27,7.3,0.104021,3.32,7.35,-4e-05,3.32,2.25008,-4e-05,1.22,2.25008,0.004021,3.32,7.35008,0.004021,1.22,7.35008],
    "uvs":[[0.358041,1.61976,0.358041,-1.6436,2.14969,-1.6436,2.14969,1.61976,1.12911,1.76057,6.37668,5.56367,1.89696,1.87575,2.71568,6.07549,0.192616,5.98216,0.358041,1.87575,0.358041,1.76057,1.12589,1.76058,-1.72975,-5.14906,-1.88702,-4.97882,-2.33424,-4.49477,-2.81848,-5.49839,-0.640375,-5.49839,-1.28694,-5.25369,-1.36877,-4.66926,-1.38318,-5.13285,-4.64335,-4.9465,-4.9869,3.06523,-5.21267,0.116772,-5.3954,0.117286,-2.98404,-1.66147,-3.21568,-1.39434,-0.529132,6.49839,-0.954575,5.3826,-4.83133,6.12484,-1.05373,-0.819572,0.358041,1.75736,0.358041,1.62298,2.14968,1.62298,5.33837,5.95709,2.31024,-2.23511,2.31025,-5.49839,2.39983,-2.23511,2.39982,0.45236,5.9189,3.4855,1.92546,-3.02206,6.18011,-4.82002,2.29749,-2.46537,1.89685,-3.00287,1.8936,-1.6508,1.89294,-1.64682,1.89294,-1.68904,0.359155,-5.49839,0.358041,-5.49547,0.382332,-5.47835,1.89682,-4.96089,1.92544,-4.94169,2.29744,-5.49839,6.24228,-0.343921,0.354823,-1.63622]],
    "materials":[{
        "colorDiffuse":[0.64,0.64,0.64],
        "wireframe":false,
        "mapDiffuseAnisotropy":1,
        "colorSpecular":[0.5,0.5,0.5],
        "depthTest":true,
        "visible":true,
        "DbgIndex":0,
        "transparent":false,
        "DbgName":"Material",
        "colorEmissive":[0,0,0],
        "opacity":1,
        "shading":"phong",
        "DbgColor":15658734,
        "blending":"NormalBlending",
        "mapDiffuse":"wall_baisch.jpg",
        "mapDiffuseWrap":["RepeatWrapping","RepeatWrapping"],
        "depthWrite":true,
        "specularCoef":50,
        "mapDiffuseRepeat":[1.1,1.1]
    }]
}