{
    "metadata":{
        "faces":26,
        "version":3,
        "materials":2,
        "vertices":44,
        "type":"Geometry",
        "uvs":1,
        "generator":"io_three"
    },
    "faces":[11,5,3,1,2,0,0,1,2,3,10,10,12,11,1,4,5,6,10,10,11,13,1,4,6,7,11,32,30,33,31,1,8,9,10,11,11,29,27,28,26,1,12,13,14,15,11,18,17,8,11,1,16,17,18,19,11,12,19,18,11,1,20,21,16,19,11,19,12,6,20,1,21,20,22,23,11,13,25,23,10,1,24,25,26,27,11,25,13,9,24,1,25,24,28,29,11,15,23,22,7,1,30,31,32,33,11,24,9,7,22,1,29,28,33,32,11,9,8,6,7,1,28,18,22,33,11,12,14,16,11,1,34,35,36,37,10,21,16,13,1,38,39,40,11,13,10,15,21,1,40,41,42,38,11,9,13,11,8,1,28,24,19,18,11,37,38,42,43,1,43,44,45,46,10,39,42,38,1,47,48,49,11,39,34,40,42,1,47,50,51,48,11,39,38,36,34,1,47,49,52,50,11,37,43,41,35,1,43,46,53,54,11,40,36,35,41,1,55,56,54,53,10,36,40,34,1,52,51,50,11,38,42,40,36,1,49,48,51,52,11,6,12,10,7,1,22,20,57,33],
    "uvs":[[-0.00534981,1.02317,-0.00531995,-0.0231707,0.971436,0.0367145,0.971407,0.973248,0.358041,1.61976,0.358041,-1.6436,2.14969,-1.6436,2.14969,1.61976,1.12911,1.76057,6.37668,5.56367,1.89696,1.87575,2.71568,6.07549,0.192616,5.98216,0.358041,1.87575,0.358041,1.76057,1.12589,1.76057,-1.72975,-5.14906,-1.88702,-4.97882,-2.33424,-4.49477,-2.81849,-5.49839,-0.640375,-5.49839,-1.28694,-5.25369,-1.36877,-4.66926,-1.38317,-5.13285,-4.64335,-4.9465,-4.9869,3.06523,-5.21267,0.116772,-5.3954,0.117286,-2.98404,-1.66147,-3.21568,-1.39433,-0.529132,6.49839,-0.954575,5.3826,-4.83133,6.12483,-1.05373,-0.819572,0.358041,1.75736,0.358041,1.62298,2.14968,1.62298,5.33837,5.95709,2.31024,-2.23511,2.31025,-5.49839,2.39983,-2.23511,2.39982,0.45236,5.9189,3.4855,1.92546,-3.02206,6.18011,-4.82002,2.29749,-2.46537,1.89685,-3.00287,1.8936,-1.6508,1.89294,-1.64682,1.89294,-1.68904,0.359155,-5.49839,0.358041,-5.49547,0.382332,-5.47835,1.89682,-4.96089,1.92544,-4.94169,2.29744,-5.49839,6.24228,-0.343921,0.354823,-1.63622]],
    "name":"BueroGeometry",
    "materials":[{
        "colorEmissive":[0,0,0],
        "depthWrite":true,
        "transparent":false,
        "specularCoef":50,
        "mapDiffuseRepeat":[1,1],
        "colorSpecular":[0.5,0.5,0.5],
        "mapDiffuseWrap":["RepeatWrapping","RepeatWrapping"],
        "mapDiffuseAnisotropy":1,
        "opacity":1,
        "visible":true,
        "mapDiffuse":"texture/tafel.jpg",
        "DbgIndex":1,
        "wireframe":false,
        "DbgName":"Material.001",
        "blending":"NormalBlending",
        "DbgColor":15597568,
        "shading":"phong",
        "depthTest":true,
        "colorDiffuse":[0.64,0.64,0.64]
    },{
        "colorEmissive":[0,0,0],
        "depthWrite":true,
        "transparent":false,
        "specularCoef":50,
        "mapDiffuseRepeat":[1.001,1.001],
        "colorSpecular":[0.5,0.5,0.5],
        "mapDiffuseWrap":["RepeatWrapping","RepeatWrapping"],
        "mapDiffuseAnisotropy":1,
        "opacity":1,
        "visible":true,
        "mapDiffuse":"texture/wall_baisch.jpg",
        "DbgIndex":0,
        "wireframe":false,
        "DbgName":"Material",
        "blending":"NormalBlending",
        "DbgColor":15658734,
        "shading":"phong",
        "depthTest":true,
        "colorDiffuse":[0.64,0.64,0.64]
    }],
    "vertices":[0.1,1.27,2.3,0.1,3.27,2.3,0.103982,3.27,7.3,-3.9785e-05,1.22,2.25008,0.00402148,3.32,7.35008,0.00402148,1.22,7.35008,0,0,0,0,0,8.5,7,0,0,7,0,8.5,0,4.65,8.5,7,4.65,0,0,4.65,0,7,4.65,8.5,0,5,0,0,5,8.5,7,5,0,2.7,0,0,2.7,2.55,0,1,2.55,0,1,0,0,7,5,8.5,0.35,1.2,8.5,0.35,4.2,8.5,6.65,1.2,8.5,6.65,4.2,8.5,2.25,4.2,8.5,2.55,1.2,8.5,2.25,1.2,8.5,2.55,4.2,8.5,4.45,4.2,8.5,4.75,1.2,8.5,4.45,1.2,8.5,4.75,4.2,8.5,0.0999602,3.32,2.25,0.1,1.27,2.3,0.1,3.27,2.3,0.103982,1.27,7.3,0.103982,3.27,7.3,0.104021,3.32,7.35,-3.9785e-05,3.32,2.25008,-3.9785e-05,1.22,2.25008,0.00402148,3.32,7.35008,0.00402148,1.22,7.35008]
}