{
    "metadata":{
        "type":"Geometry",
        "generator":"io_three",
        "version":3,
        "vertices":26,
        "uvs":1,
        "faces":14,
        "materials":1
    },
    "name":"BueroGeometry.1",
    "vertices":[0,0,1.50433e-08,0,3.57628e-07,8.5,7,0,0,7,0,8.5,0,4.65,8.5,7,4.65,0,0,4.65,0,7,4.65,8.5,0,4.65585,0,0,4.65035,8.5,2.7,0,0,2.7,2.55,0,1,2.55,0,1,0,0,0.35,1.2,8.5,0.35,4.2,8.5,6.65,1.2,8.5,6.65,4.2,8.5,2.25,4.2,8.5,2.55,1.2,8.5,2.25,1.2,8.5,2.55,4.2,8.5,4.45,4.2,8.5,4.75,1.2,8.5,4.45,1.2,8.5,4.75,4.2,8.5],
    "materials":[{
        "specularCoef":50,
        "shading":"phong",
        "depthWrite":true,
        "depthTest":true,
        "colorDiffuse":[0.64,0.64,0.64],
        "blending":"NormalBlending",
        "DbgName":"Material",
        "colorEmissive":[0,0,0],
        "DbgColor":15658734,
        "colorSpecular":[0.5,0.5,0.5],
        "opacity":1,
        "DbgIndex":0,
        "transparent":false,
        "wireframe":false,
        "visible":true
    }],
    "faces":[10,4,6,5,0,0,1,2,10,4,5,7,0,0,2,3,11,24,22,25,23,0,4,5,6,7,11,21,19,20,18,0,8,9,10,11,11,11,10,2,5,0,12,13,14,15,11,6,12,11,5,0,16,17,12,15,11,0,13,12,6,0,18,19,17,16,11,7,17,15,4,0,20,21,22,23,11,17,7,3,16,0,21,20,24,25,11,9,15,14,1,0,26,27,28,29,11,16,3,1,14,0,25,24,29,28,11,0,1,3,2,0,18,29,24,14,11,3,7,5,2,0,24,20,15,14,11,0,6,4,1,0,18,16,30,29],
    "uvs":[[0.358041,1.61976,0.358041,-1.6436,2.14969,-1.6436,2.14969,1.61976,1.12911,1.76057,6.37668,5.56367,1.89696,1.87575,2.71568,6.07549,0.192616,5.98216,0.358041,1.87575,0.358041,1.76057,1.12589,1.76057,-1.72975,-5.14906,-1.88702,-4.97882,-2.33424,-4.49477,-2.81849,-5.49839,-0.640375,-5.49839,-1.28694,-5.25369,-1.36877,-4.66926,-1.38317,-5.13285,-4.64335,-4.9465,-4.9869,3.06523,-5.21267,0.116772,-5.3954,0.117286,-2.98404,-1.66147,-3.21568,-1.39433,-0.529132,6.49839,-0.954575,5.3826,-4.83133,6.12483,-1.05373,-0.819572,0.354823,-1.63622]]
}