{
    "uvs":[],
    "metadata":{
        "uvs":0,
        "generator":"io_three",
        "vertices":256,
        "faces":229,
        "version":3,
        "materials":2,
        "type":"Geometry"
    },
    "vertices":[8,2.38419e-07,8,-14,2.38419e-07,8,8,-7.15256e-07,-14,-14,-7.15256e-07,-14,-10.5765,2.38419e-07,8,-14,0,4.46927,-14,2.38419e-07,6.95397,-14,-7.15256e-07,-12.0051,-14,-4.76837e-07,-9.46913,4.53949,2.38419e-07,8,6.97087,2.38419e-07,8,-10.5631,2.38419e-07,8,8,2.38419e-07,7.00124,8,0,4.53251,8,-4.76837e-07,-10.5294,8,-7.15256e-07,-13.0142,-13.0028,-7.15256e-07,-14,-10.5062,-7.15256e-07,-14,6.01702,-7.15256e-07,-14,3.52326,-7.15256e-07,-14,1.99972,-7.15256e-07,-14,-7.99386,-7.15256e-07,-14,2.01106,-7.15256e-07,-11.972,-0.16942,-0.0262256,-9.98008,-5.97927,-0.00259876,-9.98584,-8.00319,-4.76837e-07,-11.9913,-12.9861,2.38419e-07,8.00837,8,2.38419e-07,8,8,5,8,-14,2.38419e-07,8,-14,5,8,8,-7.15256e-07,-14,8,5,-14,-14,-7.15256e-07,-14,-14,5,-14,-14,0,4.46927,-14,2.38419e-07,6.95397,-14,2.46333,6.97172,-14,2.45941,4.47101,-14,-7.15256e-07,-12.0051,-14,-4.76837e-07,-9.46913,-14,2.50161,-11.9979,-14,2.50881,-9.49986,4.53949,2.38419e-07,8,6.97087,2.38419e-07,8,6.97474,2.55489,8,4.55855,2.55246,8,-12.9944,2.38419e-07,8,-10.5521,2.47162,8,-12.972,2.55513,8,-10.5397,2.56546,8,-10.5631,2.38419e-07,8,-12.9742,2.56037,8,8,2.38419e-07,7.00124,8,0,4.53251,7.99642,2.58854,4.51728,8,2.58053,6.99687,7.99641,2.58854,-13.0128,8,-4.76837e-07,-10.5294,8,-7.15256e-07,-13.0142,8,2.58009,-10.5648,-10.5129,0.0113709,-14.0114,-10.5483,2.59146,-14.0113,-13.0028,-7.15256e-07,-14,-12.9964,2.59991,-14.0019,-12.9978,0.00631356,-14.0055,-10.5062,-7.15256e-07,-14,-13.0016,2.60383,-14,-10.5351,2.59307,-14,3.52013,0,-14,3.52658,2.59991,-14.0019,3.52517,0.00631428,-14.0055,3.52132,2.60383,-14,5.98782,2.59307,-14,6.01702,-7.15256e-07,-14,3.52326,-7.15256e-07,-14,3.51366,2.59935,-14,5.98506,2.58893,-14,1.99972,-7.15256e-07,-14,-7.99386,-7.15256e-07,-14,2.01106,-7.15256e-07,-11.972,-0.16942,-0.0262256,-9.98008,1.99972,5.02831,-14,-5.97927,-0.00259876,-9.98584,-8.00319,-4.76837e-07,-11.9913,-14.0201,-4.76837e-07,-7.95437,-13.9969,0,2.03918,-11.9921,-4.76837e-07,-7.97041,-10.0097,-0.0020256,-5.96755,-9.99755,-2.38419e-07,-2.94448,-9.98743,-0.00259829,0.0152996,-11.9882,2.38419e-07,2.04386,-7.92251,-0.00298452,-11.7075,-7.80019,-0.0262258,-11.307,-7.60155,-0.0262256,-10.9354,-7.33423,-0.0262256,-10.6097,-7.00849,-0.0262256,-10.3423,-6.63686,-0.0262256,-10.1437,-6.23362,-0.0262256,-10.0214,-7.99386,5.02831,-14,0.249938,-0.0262256,-10.0214,0.653181,-0.0262256,-10.1437,1.02481,-0.0262256,-10.3423,1.35055,-0.0262256,-10.6097,1.61787,-0.0262256,-10.9354,1.81651,-0.0262258,-11.307,1.94,-0.0103836,-11.7025,2.01106,5.02831,-11.972,-0.16942,5.00209,-9.98008,-5.97927,5.02572,-9.98584,-8.00319,5.02831,-11.9913,-7.92251,5.02533,-11.7075,-7.80019,5.00209,-11.307,-7.60155,5.00209,-10.9354,-7.33423,5.00209,-10.6097,-7.00849,5.00209,-10.3423,-6.63686,5.00209,-10.1437,-6.23362,5.00209,-10.0214,0.249938,5.00209,-10.0214,0.653181,5.00209,-10.1437,1.02481,5.00209,-10.3423,1.35055,5.00209,-10.6097,1.61787,5.00209,-10.9354,1.81651,5.00209,-11.307,1.94,5.01793,-11.7025,-8.01577,0.0382521,7.9651,1.97766,-0.0152893,7.96786,-8.02656,0.0382426,5.93708,-5.8457,0.000266314,3.94578,-7.98883,5.06649,7.96493,-0.0358098,-0.00723386,3.95314,1.98754,-0.015409,5.95915,1.90693,-0.0179706,5.67529,1.7846,-0.04057,5.27484,1.58606,-0.0395191,4.90315,1.31883,-0.0380981,4.57734,0.993173,-0.0363624,4.30993,0.621602,-0.0343778,4.11119,0.218401,-0.032222,3.98875,2.0046,5.01295,7.96769,-6.26506,0.00251484,3.98696,-6.66833,0.00467944,4.10917,-7.04001,0.00667739,4.30771,-7.36582,0.00843167,4.57495,-7.63323,0.00987554,4.90061,-7.83197,0.0109527,5.27219,-7.95548,0.0274704,5.66766,-7.99962,5.06649,5.93691,-5.81876,5.02851,3.94561,-0.00886941,5.02101,3.95297,2.01448,5.01283,5.95898,1.93387,5.01027,5.67512,1.81154,4.98767,5.27467,1.613,4.98872,4.90299,1.34577,4.99014,4.57718,1.02011,4.99188,4.30976,0.648542,4.99386,4.11102,0.24534,4.99602,3.98858,-6.23812,5.03076,3.98679,-6.64139,5.03292,4.10901,-7.01307,5.03492,4.30754,-7.33888,5.03667,4.57478,-7.60629,5.03812,4.90044,-7.80503,5.0392,5.27202,-7.92854,5.05571,5.66749,7.92237,0.0382519,2.22909,7.95211,-0.01529,-7.7643,5.89433,0.0382423,2.23441,3.90892,0.000266552,0.0481777,7.92228,5.06649,2.20215,3.93197,-0.00723433,-5.76167,5.94343,-0.0154097,-7.7796,5.65936,-0.0179713,-7.69976,5.25858,-0.0405707,-7.5785,4.88636,-0.0395195,-7.38097,4.55983,-0.0380986,-7.11462,4.29153,-0.0363629,-6.78969,4.09179,-0.0343783,-6.41865,3.96827,-0.0322225,-6.01578,7.95201,5.01295,-7.79124,3.94898,0.00251508,0.467651,4.0701,0.00467968,0.87125,4.26763,0.00667763,1.24346,4.53399,0.00843167,1.56999,4.85893,0.00987554,1.83828,5.22997,0.0109525,2.03802,5.6251,0.0274701,2.1626,5.89423,5.06649,2.20747,3.90883,5.02851,0.0212374,3.93188,5.02101,-5.78861,5.94334,5.01283,-7.80654,5.65926,5.01027,-7.7267,5.25848,4.98767,-7.60544,4.88626,4.98872,-7.40791,4.55973,4.99014,-7.14156,4.29144,4.99188,-6.81663,4.09169,4.99386,-6.44559,3.96817,4.99602,-6.04272,3.94888,5.03076,0.440711,4.07001,5.03292,0.84431,4.26754,5.03492,1.21652,4.53389,5.03667,1.54305,4.85883,5.03812,1.81134,5.22987,5.0392,2.01108,5.62501,5.05571,2.13566,-13.9907,0.0382516,-7.80423,-13.9794,-0.0152893,2.1892,-11.9627,0.0382421,-7.81786,-9.96831,0.000266552,-5.63979,-13.9905,5.06649,-7.77729,-9.96753,-0.00723362,0.1701,-11.9707,-0.015409,2.19626,-11.687,-0.0179706,2.11525,-11.2867,-0.0405698,1.99236,-10.9153,-0.0395188,1.7933,-10.5898,-0.0380979,1.52562,-10.3229,-0.0363622,1.19958,-10.1247,-0.0343776,0.827732,-10.0028,-0.0322218,0.42436,-13.9792,5.01295,2.21614,-10.0101,0.00251484,-6.0591,-10.1329,0.00467944,-6.4622,-10.3319,0.00667739,-6.8336,-10.5996,0.00843143,-7.15903,-10.9256,0.00987506,-7.42599,-11.2975,0.0109522,-7.6242,-11.6931,0.0274696,-7.74716,-11.9625,5.06648,-7.79092,-9.9681,5.02851,-5.61285,-9.96733,5.02101,0.19704,-11.9705,5.01283,2.2232,-11.6867,5.01027,2.14219,-11.2865,4.98767,2.0193,-10.9151,4.98872,1.82024,-10.5896,4.99014,1.55256,-10.3227,4.99188,1.22652,-10.1244,4.99386,0.854674,-10.0026,4.99602,0.451298,-10.0099,5.03076,-6.03216,-10.1327,5.03292,-6.43526,-10.3317,5.03492,-6.80666,-10.5994,5.03667,-7.13209,-10.9254,5.03812,-7.39905,-11.2973,5.03919,-7.59726,-11.6929,5.05571,-7.72022,-14,5,7.00318,-14,2.38419e-07,6.9727,-14,5,6.98495,-12.9861,2.38419e-07,6.97269,-12.9861,5,6.98495,-12.9861,2.38419e-07,8.00837,-12.9861,5,8.02062,8,5,6.99768,6.9764,2.38419e-07,7.00124,6.9764,5.00847,7.00124,6.9764,5.00847,8.01103],