{
    "name":"Model.001Geometry.2",
    "normals":[2e-06,-1,-0,0.001544,-0.999961,-0.008654,0,-0.999948,-0.010204,-1,0,-0,1,0,0,0,-1,-0,0,1,0,1,3e-06,-0,4e-06,-1,-0,1,0,-0,1,-0,-0,-1,0,0,-1,-0,-0,-1,0,-0,1,-0,0,0,-0,-1,0,-0,-1,-0,0,-1,0,0,-1,0.999999,0.001008,0.001,0,1,-0,0.999991,0.004345,-0,1,-2e-06,-0,1,0,2e-06,1,1e-06,-5e-06,-0,1,-0,-0,1,-0,-0.999999,0.000997,0.0004,-4.8e-05,-1,0,-1.1e-05,-1,1.2e-05,2e-06,-1,-0,-4.8e-05,-1,-0,0,0,1,-0,-0,1,-1,-1e-06,-3e-06,-1,2e-06,-0,-0.999991,-0.004345,-0],
    "faces":[34,53,0,52,0,0,0,0,34,4,0,53,0,0,0,0,34,53,3,4,0,1,1,1,34,3,1,4,0,2,2,2,35,21,24,25,19,0,3,3,3,3,35,22,18,20,23,0,4,4,4,4,35,24,22,23,25,0,5,5,5,5,35,18,21,19,20,0,6,6,6,6,35,51,53,52,49,0,7,7,7,7,35,48,51,49,50,0,8,8,8,8,34,7,5,40,0,9,9,9,34,5,10,40,0,10,10,10,34,10,41,40,0,10,10,10,35,110,42,26,109,0,9,9,9,9,35,26,7,40,109,0,4,4,4,4,35,111,95,27,108,0,4,4,4,4,35,29,28,96,97,0,10,10,10,10,35,31,99,30,98,0,10,10,10,10,35,101,33,32,100,0,9,9,9,9,35,34,37,36,35,0,4,4,4,4,35,39,38,68,69,0,9,9,9,9,35,94,61,59,60,0,3,3,3,3,35,93,62,91,92,0,11,11,11,11,34,59,70,3,0,12,12,12,34,70,2,3,0,12,12,12,34,59,61,70,0,13,13,13,34,70,71,2,0,3,3,3,35,90,63,64,89,0,11,11,11,11,35,85,86,87,88,0,13,13,13,13,35,84,65,82,83,0,11,11,11,11,35,81,66,67,80,0,11,11,11,11,35,76,77,78,79,0,3,3,3,3,35,72,73,74,75,0,3,3,3,3,34,38,68,40,0,9,9,9,34,38,40,109,0,11,11,11,34,100,34,37,0,9,9,9,34,100,37,38,0,12,12,12,34,100,38,109,0,11,11,11,34,31,100,109,0,14,14,14,34,31,32,100,0,9,9,9,34,98,31,109,0,4,4,4,34,29,98,109,0,4,4,4,34,97,29,109,0,4,4,4,34,97,109,95,0,10,10,10,34,109,111,95,0,9,9,9,34,11,60,54,0,15,15,15,34,11,62,60,0,16,16,16,34,11,42,10,0,17,17,17,34,11,10,62,0,18,18,18,34,10,2,62,0,16,16,16,35,54,55,56,11,0,19,19,19,19,35,54,60,59,55,0,20,20,20,20,35,57,17,16,58,0,6,6,6,6,35,45,44,57,58,0,3,3,3,3,35,46,44,45,43,0,5,5,5,5,35,43,103,102,46,0,21,21,21,21,35,105,104,14,15,0,22,22,22,22,34,12,102,17,0,23,23,23,34,102,107,17,0,24,24,24,34,107,16,17,0,10,10,10,34,107,106,16,0,9,9,9,35,114,123,122,113,0,25,25,25,25,34,26,121,56,0,20,20,20,34,121,126,56,0,20,20,20,34,126,117,56,0,20,20,20,34,126,127,117,0,6,6,6,35,116,125,115,124,0,26,26,26,26,35,112,121,26,120,0,25,25,25,25,35,6,48,50,47,0,27,27,27,27,34,9,6,47,0,28,28,28,34,9,7,6,0,29,29,29,34,9,5,7,0,30,30,30,34,9,47,8,0,31,31,31,34,59,3,7,0,32,32,32,34,26,56,7,0,33,33,33,34,56,59,7,0,33,33,33,34,56,55,59,0,32,32,32,34,146,142,143,0,3,3,3,34,146,143,130,0,12,12,12,34,146,130,135,0,34,34,34,34,143,131,130,0,11,11,11,35,132,144,145,133,0,35,35,35,35,35,141,138,135,134,0,36,36,36,36,35,138,141,139,140,0,20,20,20,20,35,139,136,137,140,0,9,9,9,9,35,137,136,143,142,0,5,5,5,5],
    "vertices":[8.54008,0,13.5,10.9994,2.55,13.5,10.9994,0,13.5,10.9994,5,13.525,8.54008,2.55,13.5,-8.95278,2.55,13.5,-5.70993,5,13.5,-8.95278,5,13.5,-6.49993,0,13.5,-6.49993,2.55,13.5,-8.95278,0,13.5,5.79008,0,-23.24,-3.74993,5,5.00002,-3.74993,0,5.00002,-3.74993,2.5,1.2,-3.74993,0,1.2,-3.74993,0,-18,-3.74993,5,-18,-4.09992,5,4.00002,-4.59992,0,4.00002,-4.09992,0,4.00002,-4.59992,5,4.00002,-4.09992,5,3.50002,-4.09992,0,3.50002,-4.59992,5,3.50002,-4.59992,0,3.50002,-8.95278,5,-23.24,-8.95278,0,-16.45,-8.95278,0,-10.95,-8.95278,2.50013,-10.95,-8.95278,0,-9.44998,-8.95278,2.50013,-6.44998,-8.95278,2.50163,-4.94997,-8.95278,0,-4.94997,-8.95278,2.50469,0.350022,-8.95278,0,0.350022,-8.95278,0,3.25002,-8.95278,2.49531,3.25002,-8.95278,2.49896,4.75002,-8.95278,0,4.75002,-8.95278,2.49993,8.6,-8.95278,0,8.6,-8.95278,0,-23.24,-3.75992,0,5.00002,5.84007,5,5.00002,5.84007,0,5.00002,-3.75992,5,5.00002,-5.70592,0,13.5,-5.70992,5,11.5,-5.20992,0,11.5,-5.70992,0,11.5,-5.20992,5,11.5,-5.20993,0,13.5,-5.20993,5,13.5,5.80008,0,-28.2,5.80008,5,-28.2,5.80008,5,-23.24,5.84007,5,-18,5.84007,0,-18,10.9994,5,-28.2,10.9994,0,-28.2,10.9994,2.5,-26.5,10.9994,0,-21.05,10.9994,0,-15.55,10.9994,2.5,-15.55,10.9994,0,-4.89997,10.9994,0,0.500022,10.9994,2.5,0.500022,-8.95278,2.51146,7.10002,-8.95278,0,7.10002,10.9994,2.5,11.8,10.9994,0,11.8,10.9994,0,10.3,10.9994,2.5,10.3,10.9994,2.5,6.80002,10.9994,0,6.80002,10.9994,0,5.30002,10.9994,2.5,5.30002,10.9994,2.5,2.00002,10.9994,0,2.00002,10.9994,2.5,-3.39998,10.9994,0,-3.39998,10.9994,2.5,-4.89997,10.9994,2.5,-9.54998,10.9994,0,-9.54998,10.9994,0,-11.05,10.9994,2.5,-11.05,10.9994,2.5,-14.05,10.9994,0,-14.05,10.9994,2.5,-19.55,10.9994,0,-19.55,10.9994,2.5,-21.05,10.9994,2.5,-25,10.9994,0,-25,10.9994,0,-26.5,-8.95278,2.50013,-16.45,-8.95278,0,-14.95,-8.95278,2.50013,-14.95,-8.95278,2.50013,-9.44998,-8.95278,0,-6.44998,-8.95278,2.49837,-1.14998,-8.95278,0,-1.14998,-3.74993,2.5,2.70002,-3.74993,0,2.70002,-3.74993,2.5,-1.99998,-3.74993,0.000306,-1.99998,-3.74993,0.000306,-3.5,-3.74993,2.5,-3.5,-8.95278,0,-18.95,-8.95278,2.50007,-20.45,-8.95278,0,-20.4,-8.95278,2.50013,-18.95,-7.7993,0,-23.24,-6.29993,0,-23.24,-2.79993,0,-23.24,-0.6402,2.5,-23.24,2.50008,0,-23.24,5.79008,0,-23.24,-4.09992,0,4.00002,-4.09992,5,3.50002,-8.95278,0,-23.24,-7.7993,2.5,-23.24,-6.29992,2.5,-23.24,-2.79992,2.5,-23.24,-0.640199,0,-23.24,2.50008,2.5,-23.24,4.00007,2.5,-23.24,4.00007,0,-23.24,10.1707,-0.217191,-8.71318,10.1707,-0.217191,-10.4132,-3.76636,2.5,-3.5,-3.76636,0.0175,-3.5,-3.76636,0.0175,-2.00555,-3.76636,2.5,-2.00555,-3.76636,0.017194,2.69445,-3.76636,2.5,2.69445,5.82364,0.017194,-18.0056,5.82364,5.01719,-18.0056,-3.77636,5.01719,4.99445,5.82364,0.017194,4.99445,5.82364,5.01719,4.99445,-3.77636,0.017194,4.99445,-3.76636,5.01719,-18.0056,-3.76636,0.017194,-18.0056,-3.76636,0.017194,1.2,-3.76636,2.5,1.2,-3.76636,5.01719,4.99445],
    "materials":[{
        "opacity":1,
        "visible":true,
        "colorDiffuse":[0.64,0.64,0.64],
        "colorSpecular":[0.5,0.5,0.5],
        "depthWrite":true,
        "colorEmissive":[0,0,0],
        "wireframe":false,
        "DbgColor":15658734,
        "shading":"phong",
        "specularCoef":50,
        "DbgName":"Material",
        "DbgIndex":0,
        "blending":"NormalBlending",
        "depthTest":true,
        "transparent":false
    }],
    "metadata":{
        "normals":37,
        "faces":86,
        "vertices":147,
        "uvs":0,
        "type":"Geometry",
        "version":3,
        "generator":"io_three",
        "materials":1
    },
    "uvs":[]
}