{
    "metadata":{
        "vertices":147,
        "version":3,
        "uvs":0,
        "type":"Geometry",
        "materials":1,
        "generator":"io_three",
        "faces":86,
        "normals":42
    },
    "vertices":[8.54008,0,13.5,10.9994,2.55,13.5,10.9994,0,13.5,10.9994,5,13.525,8.54008,2.55,13.5,-8.95278,2.55,13.5,-5.70993,5,13.5,-8.95278,5,13.5,-6.49993,0,13.5,-6.49993,2.55,13.5,-8.95278,0,13.5,5.79008,0,-23.24,-3.74993,5,5.00002,-3.74993,0,5.00002,-3.74993,2.55,1.00002,-3.74993,0,1.00002,-3.74993,0,-18,-3.74993,5,-18,-4.09992,5,4.00002,-4.59992,0,4.00002,-4.09992,0,4.00002,-4.59992,5,4.00002,-4.09992,5,3.50002,-4.09992,0,3.50002,-4.59992,5,3.50002,-4.59992,0,3.50002,-8.95278,5,-23.24,-8.95278,0,-16.45,-8.95278,0,-10.95,-8.95278,2.55,-10.95,-8.95278,0,-9.24997,-8.95278,2.55,-6.44998,-8.95278,2.55,-4.74997,-8.95278,0,-4.74997,-8.95278,2.55,0.550022,-8.95278,0,0.550022,-8.95278,0,3.25002,-8.95278,2.55,3.25002,-8.95278,2.55,4.95002,-8.95278,0,4.95002,-8.95278,2.55,8.80002,-8.95278,0,8.80002,-8.95278,0,-23.24,-3.75992,0,5.00002,5.84007,5,5.00002,5.84007,0,5.00002,-3.75992,5,5.00002,-5.70592,0,13.5,-5.70992,5,11.5,-5.20992,0,11.5,-5.70992,0,11.5,-5.20992,5,11.5,-5.20993,0,13.5,-5.20993,5,13.5,5.80008,0,-28.2,5.80008,5,-28.2,5.80008,5,-23.24,5.84007,5,-18,5.84007,0,-18,10.9994,5,-28.2,10.9994,0,-28.2,10.9994,2.55,-26.7,10.9994,0,-21.25,10.9994,0,-15.75,10.9994,2.55,-15.75,10.9994,0,-5.09997,10.9994,0,0.300022,10.9994,2.55,0.300022,-8.95278,2.55,7.10002,-8.95278,0,7.10002,10.9994,2.55,11.8,10.9994,0,11.8,10.9994,0,10.1,10.9994,2.55,10.1,10.9994,2.55,6.80002,10.9994,0,6.80002,10.9994,0,5.10002,10.9994,2.55,5.10002,10.9994,2.55,2.00002,10.9994,0,2.00002,10.9994,2.55,-3.39998,10.9994,0,-3.39998,10.9994,2.55,-5.09997,10.9994,2.55,-9.54998,10.9994,0,-9.54998,10.9994,0,-11.25,10.9994,2.55,-11.25,10.9994,2.55,-14.05,10.9994,0,-14.05,10.9994,2.55,-19.55,10.9994,0,-19.55,10.9994,2.55,-21.25,10.9994,2.55,-25,10.9994,0,-25,10.9994,0,-26.7,-8.95278,2.55,-16.45,-8.95278,0,-14.75,-8.95278,2.55,-14.75,-8.95278,2.55,-9.24998,-8.95278,0,-6.44998,-8.95278,2.55,-1.14998,-8.95278,0,-1.14998,-3.74993,2.55,2.70002,-3.74993,0,2.70002,-3.74993,2.55,-1.99998,-3.74993,0.000306,-1.99998,-3.74993,0.000306,-3.69998,-3.74993,2.55,-3.69998,-8.95278,0,-18.75,-8.95278,2.55,-20.45,-8.95278,0,-20.4,-8.95278,2.55,-18.75,-7.99993,0,-23.24,-6.29993,0,-23.24,-2.79993,0,-23.24,-0.6402,2.55,-23.24,2.30008,0,-23.24,5.79008,0,-23.24,-4.09992,0,4.00002,-4.09992,5,3.50002,-8.95278,0,-23.24,-7.99993,2.55,-23.24,-6.29992,2.55,-23.24,-2.79992,2.55,-23.24,-0.640199,0,-23.24,2.30008,2.55,-23.24,4.00007,2.55,-23.24,4.00007,0,-23.24,10.1707,-0.217191,-8.71318,10.1707,-0.217191,-10.4132,-3.76636,2.56719,-3.70555,-3.76636,0.0175,-3.70555,-3.76636,0.0175,-2.00555,-3.76636,2.56719,-2.00555,-3.76636,0.017194,2.69445,-3.76636,2.56719,2.69445,5.82364,0.017194,-18.0056,5.82364,5.01719,-18.0056,-3.77636,5.01719,4.99445,5.82364,0.017194,4.99445,5.82364,5.01719,4.99445,-3.77636,0.017194,4.99445,-3.76636,5.01719,-18.0056,-3.76636,0.017194,-18.0056,-3.76636,0.017194,0.99445,-3.76636,2.56719,0.99445,-3.76636,5.01719,4.99445],
    "materials":[{
        "colorDiffuse":[0.64,0.64,0.64],
        "colorSpecular":[0.5,0.5,0.5],
        "visible":true,
        "shading":"phong",
        "colorEmissive":[0,0,0],
        "wireframe":false,
        "DbgColor":15658734,
        "DbgName":"Material",
        "specularCoef":50,
        "depthTest":true,
        "transparent":false,
        "DbgIndex":0,
        "blending":"NormalBlending",
        "opacity":1,
        "depthWrite":true
    }],
    "uvs":[],
    "faces":[34,0,52,53,0,0,0,0,34,53,3,1,0,1,1,1,34,4,0,53,0,0,0,0,34,53,1,4,0,2,2,2,35,21,24,25,19,0,3,3,3,3,35,22,18,20,23,0,4,4,4,4,35,24,22,23,25,0,5,5,5,5,35,18,21,19,20,0,6,6,6,6,35,51,53,52,49,0,7,7,7,7,35,48,51,49,50,0,8,8,8,8,34,40,7,5,0,4,4,4,34,5,10,41,0,9,9,9,34,5,41,40,0,10,10,10,35,110,42,26,109,0,9,9,9,9,35,26,7,40,109,0,4,4,4,4,35,111,95,27,108,0,4,4,4,4,35,29,28,96,97,0,11,11,11,11,35,31,99,30,98,0,10,10,10,10,35,101,33,32,100,0,9,9,9,9,35,34,37,36,35,0,4,4,4,4,35,39,38,68,69,0,9,9,9,9,35,94,61,59,60,0,3,3,3,3,35,93,62,91,92,0,12,12,12,12,34,3,59,61,0,3,3,3,34,70,71,2,0,3,3,3,34,3,61,70,0,13,13,13,34,70,2,3,0,14,14,14,35,90,63,64,89,0,15,15,15,15,35,85,86,87,88,0,3,3,3,3,35,84,65,82,83,0,12,12,12,12,35,81,66,67,80,0,12,12,12,12,35,76,77,78,79,0,3,3,3,3,35,72,73,74,75,0,3,3,3,3,34,95,97,29,0,16,16,16,34,29,98,31,0,16,16,16,34,31,32,100,0,16,16,16,34,95,29,31,0,16,16,16,34,109,111,95,0,16,16,16,34,95,31,100,0,16,16,16,34,34,37,38,0,16,16,16,34,95,100,34,0,16,16,16,34,68,40,109,0,16,16,16,34,109,95,34,0,16,16,16,34,38,68,109,0,16,16,16,34,34,38,109,0,16,16,16,34,11,42,10,0,17,17,17,34,10,2,62,0,18,18,18,34,62,60,54,0,19,19,19,34,11,10,62,0,20,20,20,34,11,62,54,0,18,18,18,35,54,55,56,11,0,21,21,21,21,35,54,60,59,55,0,22,22,22,22,35,57,17,16,58,0,6,6,6,6,35,45,44,57,58,0,3,3,3,3,35,46,44,45,43,0,5,5,5,5,35,43,103,102,46,0,23,23,23,23,35,105,104,14,15,0,24,24,24,24,34,17,12,102,0,25,25,25,34,107,106,16,0,9,9,9,34,17,102,107,0,26,26,26,34,107,16,17,0,10,10,10,35,114,123,122,113,0,27,27,27,27,34,56,26,121,0,6,6,6,34,126,127,117,0,6,6,6,34,56,121,126,0,28,28,28,34,126,117,56,0,22,22,22,35,116,125,115,124,0,29,29,29,29,35,112,121,26,120,0,29,29,29,29,35,6,48,50,47,0,30,30,30,30,34,9,5,7,0,31,31,31,34,6,47,8,0,32,32,32,34,9,7,6,0,33,33,33,34,9,6,8,0,34,34,34,34,7,26,56,0,35,35,35,34,56,55,59,0,35,35,35,34,59,3,7,0,35,35,35,34,56,59,7,0,36,36,36,34,135,146,142,0,37,37,37,34,142,143,131,0,14,14,14,34,130,135,142,0,38,38,38,34,142,131,130,0,39,39,39,35,132,144,145,133,0,40,40,40,40,35,141,138,135,134,0,41,41,41,41,35,138,141,139,140,0,22,22,22,22,35,139,136,137,140,0,9,9,9,9,35,137,136,143,142,0,5,5,5,5],
    "name":"Model.001Geometry.4",
    "normals":[2e-06,-1,-0,0.001544,-0.999947,-0.010204,0,-1,1.4e-05,-1,0,-0,1,0,0,0,-1,-0,0,1,0,1,3e-06,-0,4e-06,-1,-0,1,0,-0,1,-0,-0,1,-0,-0,-1,0,0,-1,0,-0,-1,-0,-0,-1,0,0,0,0,-0,-0,0,-1,0,-0,-1,0,0,-1,0,0,-1,0.999999,0.001008,0.001,0,1,-0,0.999991,0.004345,-0,1,-2e-06,-0,1,0,2e-06,1,1e-06,-5e-06,-0,1,-0,0,1,0,-0,1,-0,-0.999999,0.000997,0.0004,2e-06,-1,-0,-4.8e-05,-1,0,-1.1e-05,-1,1.2e-05,-4.8e-05,-1,-0,0,0,1,-0,-0,1,-1,0,-2e-06,-1,-1e-06,5e-06,-1,-0,0,-1,2e-06,-0,-0.999991,-0.004345,-0]
}