{
    "metadata":{
        "version":3,
        "type":"Geometry",
        "generator":"io_three",
        "uvs":0,
        "faces":14,
        "materials":1,
        "vertices":21,
        "normals":10
    },
    "uvs":[],
    "faces":[35,13,10,11,12,0,0,0,0,0,34,2,5,8,0,0,0,0,34,6,7,3,0,0,0,0,34,2,8,6,0,1,1,1,34,6,3,2,0,2,2,2,34,3,7,9,0,3,3,3,34,9,8,5,0,4,4,4,34,4,3,9,0,4,4,4,34,9,5,4,0,4,4,4,35,2,3,16,15,0,5,5,5,5,35,4,5,18,17,0,6,6,6,6,35,3,4,17,16,0,7,7,7,7,35,5,2,15,18,0,8,8,8,8,35,0,1,20,19,0,9,9,9,9],
    "normals":[0,-1,0,-0,-1,0,-0,-1,-0,0,-1,-0,0,-1,-0,1,0,-0,-1,-0,-0,0,0,-1,0,-0,1,0,-0,1],
    "vertices":[-2.89791,-0.001026,-5.78144,2.70209,-0.001026,-5.78144,2.46209,-0.001026,-5.78144,2.46209,4.99897,-5.78144,-2.73791,4.99897,-5.78144,-2.73791,-0.001026,-5.78144,2.18847,1.49897,-5.78144,2.18847,4.19897,-5.78144,-2.51153,1.49897,-5.78144,-2.51153,4.19897,-5.78144,-0.311535,1.49897,-5.78144,-0.311535,4.19897,-5.78144,0.022092,4.19897,-5.78144,0.022092,1.49897,-5.78144,-0.277908,4.19897,-5.78144,2.46209,-0.001026,-3.58277,2.46209,4.99897,-3.58277,-2.73791,4.99897,-3.58277,-2.73791,-0.001026,-3.58277,-2.89791,-0.001026,-3.57764,2.70209,-0.001026,-3.57764],
    "materials":[{
        "depthTest":true,
        "blending":"NormalBlending",
        "specularCoef":50,
        "visible":true,
        "depthWrite":true,
        "colorDiffuse":[0.64,0.64,0.64],
        "shading":"phong",
        "opacity":1,
        "colorSpecular":[0.5,0.5,0.5],
        "wireframe":false,
        "colorEmissive":[0,0,0],
        "DbgIndex":0,
        "DbgColor":15658734,
        "DbgName":"Material",
        "transparent":false
    }],
    "name":"WingGeometry"
}