{
    "faces":[35,7,6,54,53,0,0,0,0,0,35,34,37,36,33,0,1,1,1,1,35,55,52,5,8,0,2,2,2,2,35,51,8,7,50,0,3,3,3,3,35,49,35,9,48,0,1,1,1,1,34,28,50,7,0,4,4,4,34,53,55,14,0,3,3,3,34,28,7,53,0,1,1,1,34,28,53,14,0,5,5,5,35,39,38,31,32,0,1,1,1,1,35,47,11,10,46,0,3,3,3,3,35,41,40,29,30,0,1,1,1,1,35,12,45,42,13,0,5,5,5,5,35,44,43,26,27,0,3,3,3,3,35,1,0,17,18,0,6,6,6,6,35,5,4,3,6,0,7,7,7,7,35,22,19,20,21,0,7,7,7,7,34,15,16,52,0,8,8,8,34,54,6,3,0,6,6,6,34,15,52,54,0,8,8,8,34,54,3,15,0,6,6,6,35,25,23,2,24,0,7,7,7,7],
    "normals":[0,0,1,1,0,-0,0,-0,-1,1,0,-0,1,-0,-0,1,0,0,-1,0,-0,-1,0,0,-1,-0,-0],
    "name":"WingGeometry",
    "uvs":[],
    "materials":[{
        "opacity":1,
        "wireframe":false,
        "specularCoef":50,
        "depthWrite":true,
        "DbgColor":15658734,
        "DbgIndex":0,
        "colorDiffuse":[0.64,0.64,0.64],
        "shading":"phong",
        "blending":"NormalBlending",
        "visible":true,
        "depthTest":true,
        "DbgName":"Material",
        "colorEmissive":[0,0,0],
        "transparent":false,
        "colorSpecular":[0.5,0.5,0.5]
    }],
    "metadata":{
        "faces":22,
        "normals":9,
        "version":3,
        "type":"Geometry",
        "uvs":0,
        "generator":"io_three",
        "materials":1,
        "vertices":56
    },
    "vertices":[2.17,2.55,-4.76798,2.17,-2e-06,-4.76798,2.17,2.55,-14.818,2.17,2.55,-18.718,2.17,-2e-06,-18.718,2.17,-2e-06,-20.0652,2.17,5,-20.0652,-3.02,5,-20.0652,-3.02,-2e-06,-20.0652,-3.02,2.55,-15.418,-3.02,2.55,-11.418,-3.02,-2e-06,-11.418,-3.02,2.55,-5.91798,-3.02,-2e-06,-5.91798,-3.02,-2e-06,-1.41798,2.17,2.55,-3.06798,2.17,-2e-06,-3.06798,2.17,2.55,-8.06798,2.17,-2e-06,-8.06798,2.17,-2e-06,-9.76798,2.17,2.55,-9.76798,2.17,2.55,-13.118,2.17,-2e-06,-13.118,2.17,-2e-06,-14.818,2.17,2.55,-17.018,2.17,-2e-06,-17.018,-3.02,2.55,-3.11798,-3.02,-2e-06,-3.11798,-3.02,2.55,-1.41798,-3.02,2.55,-7.61798,-3.02,-2e-06,-7.61798,-3.02,2.55,-13.118,-3.02,-2e-06,-13.118,-3.02,2.55,-17.118,-3.02,-2e-06,-17.118,-3.02,-2e-06,-15.418,-3.02,2.55,-17.418,-3.02,-2e-06,-17.418,-3.02,2.55,-13.418,-3.02,-2e-06,-13.418,-3.02,2.55,-7.91798,-3.02,-2e-06,-7.91798,-3.02,-2e-06,-5.11798,-3.02,2.55,-3.41798,-3.02,-2e-06,-3.41798,-3.02,2.55,-5.11798,-3.02,2.55,-9.61798,-3.02,-2e-06,-9.61798,-3.02,2.55,-15.118,-3.02,-2e-06,-15.118,-3.02,2.55,-19.118,-3.02,-2e-06,-19.118,2.17,0,2.5255,-3.02,5,2.59927,2.17,5,2.59927,-3.02,0,2.5255]
}