{
    "metadata":{
        "generator":"io_three",
        "uvs":0,
        "version":3,
        "normals":58,
        "faces":106,
        "materials":1,
        "type":"Geometry",
        "vertices":142
    },
    "materials":[{
        "DbgColor":15658734,
        "opacity":1,
        "depthWrite":true,
        "transparent":false,
        "colorSpecular":[0.5,0.5,0.5],
        "specularCoef":50,
        "depthTest":true,
        "visible":true,
        "wireframe":false,
        "shading":"phong",
        "colorDiffuse":[0.64,0.64,0.64],
        "blending":"NormalBlending",
        "DbgName":"Material",
        "DbgIndex":0,
        "colorEmissive":[0,0,0]
    }],
    "uvs":[],
    "name":"WingGeometry.1",
    "normals":[0,1,0,0,1,-0,1,0,0,0,-1,-0,-1,0,-0,0,0,-0,-0,1,-0,-1,6e-06,-0,-1,-3e-06,-4e-06,-1,0,-2e-06,-1,-0,0,-1,-3e-06,0,-1,0,-0,-0.999999,-0.00135,-0,-0,-0,1,-0.999999,-0.00135,0,1,2e-06,0,-1,-0,0,-0.999687,0.025002,-0,-1,-0,-0,-0.999687,0.025005,-0,-1,-0.000705,0.000144,-0.999998,0,-0.002042,1,6e-06,-0,1,0,-0,1,-0,-0,1,-0,-0,1,0,-0,0,1,0,0,1,-0,1e-06,1,1e-06,0.999905,0.013818,0,0.999905,0.013818,-0,0.999912,-0.008742,-0.009991,0,-1,0,0,-0,-1,0,-0,-1,0,0,-1,0,-0,-1,-0,-0,-1,-0,0,1,2e-06,1e-06,1,0,0,1,-0,0,1,0,0,1,-1,0,-0,0,-1,-0,0,-1,-0,-0,-1,-0,-0,-1,0,-1e-06,-1,-1e-06,-0.99987,0.008742,-0.013558,-0.999905,-0.013818,-0,-0.999981,0,0.00612,-0.999905,-0.013818,0,0,1,0,0,-1,0,0.999493,0.024146,-0.020766],
    "vertices":[2.79967,-0.012705,8.09988,0.349668,2.53729,1.19988,0.349668,-0.012705,1.19988,2.79967,2.53729,1.19988,2.79967,-0.012705,1.19988,0.599668,4.98729,-11.0224,2.79467,-0.012705,0.999876,2.79467,2.53729,0.999876,2.79467,2.53729,-0.700124,2.79467,-0.012705,-0.700124,2.79967,2.53729,-6.10012,2.79967,-0.012705,-6.60012,2.79967,4.98729,-6.60012,0.349669,4.98729,8.09988,2.79967,2.53729,8.09988,0.349669,2.53729,8.09988,2.79967,4.98729,8.09988,0.349669,4.98729,5.49988,0.349669,-0.012705,8.09988,0.349669,-0.012705,5.49988,-0.500331,4.98729,5.49988,-0.500331,-0.012705,5.49988,-0.500331,4.98729,-1.10012,-0.500331,-0.012705,2.69988,-0.500331,-0.012705,-1.10012,-0.500331,2.53729,2.69988,-0.500331,4.98729,1.19988,-0.500331,-0.012705,1.19988,2.79967,4.98729,1.19988,-4.60033,-0.012705,-1.10012,0.599668,4.98729,-6.60012,0.599668,-0.012705,-6.60012,0.599668,2.53729,-9.30012,0.599668,-0.012705,-9.30012,-4.60033,-0.012705,-6.95012,-4.60033,2.53729,-6.95012,-4.60033,2.53729,-5.25012,-4.60033,-0.012705,-5.25012,-4.60033,2.53729,-3.10012,-4.60033,2.53729,-1.40012,-4.60033,-0.012705,-1.40012,-4.60033,4.98729,-1.10012,-0.485337,-0.012705,4.41488,-0.485337,2.53729,4.41488,-4.60033,-0.012705,-3.10012,-4.60033,-0.012705,-8.95012,2.79966,2.53729,-4.40013,2.79966,-0.012705,-4.40013,2.79967,-0.012705,-6.10012,0.249669,4.98729,-6.10012,-0.250331,-0.012705,-6.10012,0.249669,-0.012705,-6.10012,-0.250331,4.98729,-6.10012,0.249669,4.98729,-6.60012,0.249669,-0.012705,-6.60012,-0.250331,4.98729,-6.60012,-0.250331,-0.012705,-6.60012,0.599663,2.53729,-7.60012,0.599663,-0.012705,-7.60012,2.79967,2.53729,-9.30012,2.79967,-0.012705,-9.30012,2.79967,-0.012705,-9.60012,2.79967,4.98729,-9.60012,-4.60033,4.98729,1.19988,-4.60033,-0.012705,1.19988,0.599668,4.98729,-9.60012,0.599668,-0.012705,-9.60012,-4.60033,2.53729,-8.95012,-4.60033,2.53729,-7.25012,-4.60033,2.53729,-3.40012,-4.60033,-0.012705,-3.40012,-4.60033,2.53729,-5.10012,-4.60033,-0.012705,-5.10012,2.79966,2.53729,-7.60012,2.79966,-0.012705,-7.60012,0.599668,-0.012705,-11.0224,-4.60033,-0.012705,-11.0224,-4.8081,4.98729,5.49988,-4.60033,-0.012705,-7.25012,-4.60033,4.98729,-11.0224,-4.60033,-0.012705,5.49988,0.349668,2.53729,1.19988,0.349668,-0.012705,1.19988,2.79967,2.53729,1.19988,2.79967,4.98729,1.19988,-4.60033,4.98729,1.19988,-4.60033,-0.012705,1.19988,0.349668,2.53729,1.19988,0.349668,-0.012705,1.19988,2.79967,2.53729,1.19988,2.79967,4.98729,1.19988,-4.60033,4.98729,1.19988,-4.60033,-0.012705,1.19988,0.349668,2.53729,1.19988,0.349668,-0.012705,1.19988,2.79967,2.53729,1.19988,2.79967,4.98729,1.19988,-4.60033,4.98729,1.19988,-4.60033,-0.012705,1.19988,0.349668,2.53729,1.19988,0.349668,-0.012705,1.19988,2.79967,2.53729,1.19988,2.79967,4.98729,1.19988,-4.60033,4.98729,1.19988,-4.60033,-0.012705,1.19988,0.349668,2.53729,1.19988,0.349668,-0.012705,1.19988,2.79967,2.53729,1.19988,2.79967,4.98729,1.19988,-4.60033,4.98729,1.19988,-4.60033,-0.012705,1.19988,-0.512326,4.98729,5.49988,-0.512326,-0.012705,5.49988,-0.512326,4.98729,-1.10012,-0.512326,-0.012705,2.69988,-0.512326,-0.012705,-1.10012,-0.512326,2.53729,2.69988,-0.512326,4.98729,1.19988,-0.497333,-0.012705,4.41488,-0.497333,2.53729,4.41488,-0.500331,4.98729,-1.10012,-0.500331,-0.012705,-1.10012,-4.60033,-0.012705,-1.10012,-4.60033,4.98729,-1.10012,-0.500331,4.98729,-1.07763,-0.500331,-0.012705,-1.07763,-4.60033,-0.012705,-1.07763,-4.60033,4.98729,-1.07763,2.79967,-0.012705,-6.60012,2.79967,4.98729,-6.60012,0.599668,4.98729,-6.60012,0.599668,-0.012705,-6.60012,2.79967,-0.012705,-6.60012,2.79967,4.98729,-6.60012,0.599668,4.98729,-6.60012,0.599668,-0.012705,-6.60012,2.79967,-0.012705,-6.6123,2.79967,4.98729,-6.6123,0.599668,4.98729,-6.6123,0.599668,-0.012705,-6.6123,2.79967,-0.012705,8.09988,2.79967,-0.012705,-9.60012],
    "faces":[34,49,50,51,0,0,0,0,34,49,52,50,0,1,1,1,34,53,51,54,0,2,2,2,34,53,49,51,0,2,2,2,34,55,54,56,0,3,3,3,34,52,56,50,0,4,4,4,34,20,17,77,0,5,5,5,34,55,53,54,0,3,3,3,34,52,55,56,0,4,4,4,35,32,65,66,33,0,4,4,4,4,35,61,62,65,66,0,6,6,6,6,34,57,58,31,0,7,7,7,34,30,65,32,0,4,4,4,34,57,31,30,0,7,7,7,34,30,32,57,0,8,8,8,35,11,12,30,31,0,6,6,6,6,34,74,11,12,0,7,7,7,34,12,62,73,0,9,9,9,34,12,73,74,0,7,7,7,34,61,60,59,0,10,10,10,34,59,73,62,0,11,11,11,34,59,62,61,0,4,4,4,35,65,5,75,66,0,12,12,12,12,34,46,47,9,0,13,13,13,34,8,10,46,0,14,14,14,34,46,9,8,0,15,15,15,35,44,70,69,38,0,16,16,16,16,34,11,48,10,0,17,17,17,34,7,6,4,0,18,18,18,34,12,11,10,0,19,19,19,34,7,4,28,0,20,20,20,34,12,10,7,0,21,21,21,34,7,28,12,0,22,22,22,35,37,36,71,72,0,23,23,23,23,34,41,29,40,0,24,24,24,34,41,40,39,0,25,25,25,34,45,76,79,0,26,26,26,34,41,39,67,0,27,27,27,34,67,45,79,0,25,25,25,34,79,41,67,0,2,2,2,35,34,78,68,35,0,24,24,24,24,34,1,3,28,0,28,28,28,34,28,63,64,0,1,1,1,34,64,2,1,0,29,29,29,34,28,64,1,0,30,30,30,34,23,24,22,0,25,25,25,34,22,26,20,0,5,5,5,34,20,21,42,0,31,31,31,34,20,42,43,0,32,32,32,34,25,23,22,0,25,25,25,34,20,43,25,0,33,33,33,34,22,20,25,0,2,2,2,35,19,80,77,17,0,34,34,34,34,35,18,19,17,13,0,24,24,24,24,34,66,75,76,0,35,35,35,34,76,80,19,0,36,36,36,34,19,18,0,0,37,37,37,34,0,61,66,0,38,38,38,34,66,76,19,0,39,39,39,34,19,0,66,0,38,38,38,34,41,79,5,0,40,40,40,34,65,62,16,0,14,14,14,34,41,5,65,0,41,41,41,34,20,77,41,0,42,42,42,34,16,13,17,0,42,42,42,34,17,20,41,0,42,42,42,34,41,65,16,0,43,43,43,34,16,17,41,0,44,44,44,35,14,15,13,16,0,34,34,34,34,35,4,0,16,28,0,45,45,45,45,35,22,24,29,41,0,46,46,46,46,34,81,83,84,0,28,28,28,34,84,85,86,0,1,1,1,34,86,82,81,0,29,29,29,34,84,86,81,0,30,30,30,34,87,89,90,0,28,28,28,34,90,91,92,0,1,1,1,34,92,88,87,0,29,29,29,34,90,92,87,0,30,30,30,34,93,95,96,0,28,28,28,34,96,97,98,0,1,1,1,34,98,94,93,0,29,29,29,34,96,98,93,0,30,30,30,34,99,101,102,0,28,28,28,34,102,103,104,0,1,1,1,34,104,100,99,0,29,29,29,34,102,104,99,0,30,30,30,34,108,107,105,0,47,47,47,34,105,106,110,0,48,48,48,34,110,109,108,0,49,49,49,34,105,110,108,0,50,50,50,34,113,115,114,0,4,4,4,34,113,114,116,0,17,17,17,34,111,117,113,0,5,5,5,34,113,116,119,0,51,51,51,34,119,118,112,0,52,52,52,34,111,113,119,0,53,53,53,34,119,112,111,0,54,54,54,35,120,121,122,123,0,46,46,46,46,35,124,127,126,125,0,55,55,55,55,35,128,129,130,131,0,6,6,6,6,35,132,133,134,135,0,6,6,6,6,35,136,139,138,137,0,56,56,56,56,35,80,110,109,77,0,57,57,57,57,35,110,126,127,109,0,27,27,27,27,35,0,61,141,140,0,5,5,5,5]
}