{
    "faces":[11,0,1,3,2,0,0,1,2,3,11,9,11,10,6,1,4,4,4,4,11,11,15,14,10,1,4,4,4,4,11,15,13,12,14,1,4,4,4,4,11,13,9,6,12,1,4,4,4,4,11,6,12,14,10,1,4,4,4,4,11,13,9,11,15,1,4,4,4,4,11,8,18,43,44,1,4,4,4,4,11,29,28,25,26,1,4,4,4,4,11,40,33,34,35,1,4,4,4,4,11,26,44,30,36,1,4,4,4,4,10,7,8,44,1,4,4,4,10,26,25,24,1,4,4,4,10,7,44,26,1,4,4,4,10,26,24,7,1,4,4,4,10,7,5,46,1,4,4,4,10,49,50,22,1,4,4,4,10,7,46,49,1,4,4,4,10,7,49,22,1,4,4,4,10,21,50,49,1,4,4,4,10,21,49,48,1,4,4,4,10,5,24,21,1,4,4,4,10,21,48,47,1,4,4,4,10,47,46,5,1,4,4,4,10,47,5,21,1,4,4,4,10,22,50,21,1,4,4,4,10,17,28,29,1,4,4,4,10,22,21,17,1,4,4,4,10,43,18,22,1,4,4,4,10,29,41,42,1,4,4,4,10,42,43,22,1,4,4,4,10,22,17,29,1,4,4,4,10,29,42,22,1,4,4,4,11,59,61,64,60,1,4,4,4,4,11,58,63,61,59,1,4,4,4,4,11,57,65,63,55,1,4,4,4,4,11,57,60,64,65,1,4,4,4,4,10,46,47,45,1,4,4,4,10,5,7,24,1,4,4,4,10,5,21,24,1,4,4,4,10,23,17,5,1,4,4,4,10,5,24,23,1,4,4,4,10,24,17,21,1,4,4,4,11,18,8,7,22,1,4,4,4,4,11,73,72,74,75,1,4,4,4,4,11,42,77,76,39,1,4,4,4,4],
    "vertices":[11.8,3.5,-1,11.8,1.2,-1,11.8,3.5,-6.5,11.8,1.2,-6.5,-2,8.74228e-08,2,12,8.74228e-08,2,4.64977,-2.25104e-07,-5.14977,12,-3.49691e-07,-8,-2,-3.49691e-07,-8,4.64977,5,-5.14977,4.64977,-2.55722e-07,-5.85023,4.64977,5,-5.85023,5.35023,-2.25104e-07,-5.14977,5.35023,5,-5.14977,5.35023,-2.55722e-07,-5.85023,5.35023,5,-5.85023,12,-3.49691e-07,-8,-2,5,2,-2,5,-8,-2,8.74228e-08,2,12,5,-8,12,5,2,12,5,-8,-2,8.74228e-08,2,12,8.74228e-08,2,-2,8.74228e-08,2,-2,0,0,-2,5,2,-2,5,2,-2,5,-2.18557e-07,-2,1.2,-6,-2,5,-8,-2,5,-8,-2,1.2,-4,-2,1.2,-6,-2,1.2,-6,-2,1.2,-5.24537e-08,-2,1.2,-5.24537e-08,-2,1.2,-2,-2,1.2,-4,-2,1.2,-4,-2,5,-2,-2,5,-4,-2,5,-6,-2,-2.62268e-07,-6,12,6.55671e-08,1.5,12,0,0,12,6.55671e-08,1.5,12,2.5,1.5,12,2.5,-1.09278e-07,12,5,-2.18557e-07,12,-3.49691e-07,-8,12,-2.84124e-07,-6.5,12,-4.37114e-08,-1,12,-4.37114e-08,-1,12,1.2,-1,12,-2.84124e-07,-6.5,12,1.2,-6.5,12,1.2,-1,12,3.5,-1,12,3.5,-6.5,11.8,3.5,-1,12,1.2,-6.5,11.8,1.2,-1,11.8,3.5,-6.5,11.8,1.2,-6.5,-2,5,-2,-2,1.2,-2,-2,1.2,-2,-2,5,-2,-2,1.2,-2,-2,5,-2,-2,1.2,-2,-2,5,-2,-2,1.2,-2.0439,-2,5,-2.0439,-2,1.2,-3.95547,-2,5,-3.95547],
    "name":"Plane.001Geometry",
    "uvs":[[0.00728488,0.968192,6.4702e-05,6.46586e-05,0.999935,6.46586e-05,0.989105,0.968193,0,0]],
    "materials":[{
        "DbgIndex":1,
        "DbgColor":15597568,
        "mapDiffuseRepeat":[1,1],
        "blending":"NormalBlending",
        "colorSpecular":[0.5,0.5,0.5],
        "DbgName":"Material.001",
        "transparent":false,
        "depthTest":true,
        "depthWrite":true,
        "specularCoef":50,
        "mapDiffuseAnisotropy":1,
        "visible":true,
        "shading":"phong",
        "opacity":1,
        "wireframe":false,
        "colorEmissive":[0,0,0],
        "colorDiffuse":[0.64,0.64,0.64],
        "mapDiffuse":"texture/tafel.jpg",
        "mapDiffuseWrap":["RepeatWrapping","RepeatWrapping"]
    },{
        "DbgIndex":0,
        "DbgColor":15658734,
        "blending":"NormalBlending",
        "colorSpecular":[0.5,0.5,0.5],
        "DbgName":"Material",
        "transparent":false,
        "depthTest":true,
        "depthWrite":true,
        "specularCoef":50,
        "visible":true,
        "shading":"phong",
        "opacity":1,
        "wireframe":false,
        "colorEmissive":[0,0,0],
        "colorDiffuse":[0.64,0.64,0.64]
    }],
    "metadata":{
        "faces":46,
        "materials":2,
        "version":3,
        "vertices":78,
        "uvs":1,
        "generator":"io_three",
        "type":"Geometry"
    }
}