{
    "faces":[11,0,2,3,1,0,0,1,2,3,11,5,7,6,4,1,4,5,6,7,10,11,17,10,2,17,8,9,10,8,12,13,2,10,11,12,10,11,10,8,2,17,9,10,10,16,9,11,2,15,16,17,10,13,14,15,2,12,13,14,10,15,16,11,2,14,15,17,10,11,8,13,2,17,10,12,10,13,15,11,2,12,14,17,11,23,25,24,20,3,18,19,20,21,11,25,29,28,24,3,18,19,20,21,11,29,27,26,28,3,18,19,20,21,11,27,23,20,26,3,18,19,20,21,11,20,26,28,24,3,18,19,20,21,11,27,23,25,29,3,18,19,20,21,11,22,32,57,58,3,22,23,24,25,11,43,42,39,40,3,26,27,28,29,11,54,47,48,49,3,30,31,32,33,11,40,58,44,50,3,34,35,36,37,10,21,19,60,3,38,39,40,10,63,64,36,3,41,42,43,10,21,60,63,3,38,40,41,10,21,63,36,3,38,41,43,10,35,64,63,3,47,42,41,10,35,63,62,3,47,41,44,10,19,38,35,3,39,46,47,10,35,62,61,3,47,44,45,10,61,60,19,3,45,40,39,10,61,19,35,3,45,39,47,11,73,75,78,74,3,48,49,50,51,11,72,77,75,73,3,52,53,49,48,11,71,79,77,69,3,54,55,56,57,11,71,74,78,79,3,54,51,50,55,10,60,61,59,3,40,45,58,10,19,21,38,3,39,38,59,10,19,35,38,3,60,61,62,10,37,31,19,3,63,64,60,10,19,38,37,3,60,62,63,10,38,31,35,3,65,66,67,11,32,22,21,36,3,23,22,38,43,11,87,86,88,89,3,68,69,70,71,11,56,91,90,53,3,72,73,74,75],
    "metadata":{
        "materials":4,
        "generator":"io_three",
        "version":3,
        "vertices":92,
        "type":"Geometry",
        "uvs":1,
        "faces":43
    },
    "vertices":[11.8,3.5,-1,11.8,1.2,-1,11.8,3.5,-6.5,11.8,1.2,-6.5,12,-0,-8,-2,-0,-8,12,0,2,-2,0,2,-2,5,2,-2,5,-8,12,5,2,12,5,-8,-2,5,2,-2,5,-0,-2,5,-2,-2,5,-4,-2,5,-6,12,5,-0,-2,0,2,12,0,2,4.64977,-0,-5.14977,12,-0,-8,-2,-0,-8,4.64977,5,-5.14977,4.64977,-0,-5.85023,4.64977,5,-5.85023,5.35023,-0,-5.14977,5.35023,5,-5.14977,5.35023,-0,-5.85023,5.35023,5,-5.85023,12,-0,-8,-2,5,2,-2,5,-8,-2,0,2,12,5,-8,12,5,2,12,5,-8,-2,0,2,12,0,2,-2,0,2,-2,0,0,-2,5,2,-2,5,2,-2,5,-0,-2,1.2,-6,-2,5,-8,-2,5,-8,-2,1.2,-4,-2,1.2,-6,-2,1.2,-6,-2,1.2,-0,-2,1.2,-0,-2,1.2,-2,-2,1.2,-4,-2,1.2,-4,-2,5,-2,-2,5,-4,-2,5,-6,-2,-0,-6,12,0,1.5,12,0,0,12,0,1.5,12,2.5,1.5,12,2.5,-0,12,5,-0,12,-0,-8,12,-0,-6.5,12,-0,-1,12,-0,-1,12,1.2,-1,12,-0,-6.5,12,1.2,-6.5,12,1.2,-1,12,3.5,-1,12,3.5,-6.5,11.8,3.5,-1,12,1.2,-6.5,11.8,1.2,-1,11.8,3.5,-6.5,11.8,1.2,-6.5,-2,5,-2,-2,1.2,-2,-2,1.2,-2,-2,5,-2,-2,1.2,-2,-2,5,-2,-2,1.2,-2,-2,5,-2,-2,1.2,-2.0439,-2,5,-2.0439,-2,1.2,-3.95547,-2,5,-3.95547],
    "materials":[{
        "mapDiffuseAnisotropy":1,
        "mapDiffuseWrap":["RepeatWrapping","RepeatWrapping"],
        "DbgColor":15597568,
        "colorDiffuse":[0.64,0.64,0.64],
        "shading":"lambert",
        "opacity":1,
        "wireframe":false,
        "colorEmissive":[0,0,0],
        "blending":"NormalBlending",
        "transparent":false,
        "mapDiffuse":"texture/tafel.jpg",
        "DbgName":"blackboard",
        "DbgIndex":1,
        "depthWrite":true,
        "visible":true,
        "depthTest":true,
        "mapDiffuseRepeat":[1.001,1.001]
    },{
        "mapDiffuseAnisotropy":1,
        "mapDiffuseWrap":["RepeatWrapping","RepeatWrapping"],
        "DbgColor":60928,
        "colorDiffuse":[0.64,0.64,0.64],
        "shading":"lambert",
        "opacity":1,
        "wireframe":false,
        "colorEmissive":[0,0,0],
        "blending":"NormalBlending",
        "transparent":false,
        "mapDiffuse":"texture/new_floor_tex.jpg",
        "DbgName":"floor",
        "DbgIndex":2,
        "depthWrite":true,
        "visible":true,
        "depthTest":true,
        "mapDiffuseRepeat":[1.001,1.001]
    },{
        "mapDiffuseAnisotropy":1,
        "mapDiffuseWrap":["RepeatWrapping","RepeatWrapping"],
        "DbgColor":238,
        "colorDiffuse":[0.64,0.64,0.64],
        "shading":"lambert",
        "opacity":1,
        "wireframe":false,
        "colorEmissive":[0,0,0],
        "blending":"NormalBlending",
        "transparent":false,
        "mapDiffuse":"texture/decke-fl.jpg",
        "DbgName":"ceiling",
        "DbgIndex":3,
        "depthWrite":true,
        "visible":true,
        "depthTest":true,
        "mapDiffuseRepeat":[1.001,1.001]
    },{
        "mapDiffuseAnisotropy":1,
        "mapDiffuseWrap":["RepeatWrapping","RepeatWrapping"],
        "DbgColor":15658734,
        "colorDiffuse":[0.64,0.64,0.64],
        "shading":"lambert",
        "opacity":1,
        "wireframe":false,
        "colorEmissive":[0,0,0],
        "blending":"NormalBlending",
        "transparent":false,
        "mapDiffuse":"texture/wall.png",
        "DbgName":"wall",
        "DbgIndex":0,
        "depthWrite":true,
        "visible":true,
        "depthTest":true,
        "mapDiffuseRepeat":[1.001,1.001]
    }],
    "uvs":[[9.2e-05,9.1e-05,0.999909,9.2e-05,0.999909,0.836302,9.1e-05,0.836302,-3.57508,6.10729,-3.57508,-5.10729,4.27513,-5.10729,4.27513,6.10729,2.57312,-4.68548,4.05101,-4.68548,4.05098,5.65971,4.05053,5.6855,2.57309,5.65971,1.09521,5.65971,-0.382676,5.6597,-1.86056,5.6597,-3.33845,5.65969,-3.33842,-4.6855,-7.01719,-7.01719,8.01719,-7.01719,8.01719,8.01719,-7.01719,8.01719,-0.764753,-0.984271,-0.781994,0.096079,-0.998064,0.082286,-0.980823,-0.998064,1.98996,0.19263,1.78152,0.19263,1.78152,-0.849546,1.98996,-0.849545,-0.37162,1.19433,-0.37162,1.18535,-0.114372,1.17637,-0.114333,1.18535,-0.998064,1.17637,-0.372758,1.17637,-0.372758,1.42649,-0.998064,1.42649,0.747737,-0.88772,1.62274,-0.967536,1.39214,-0.936834,1.51992,-0.375993,1.61452,0.080269,0.730495,0.19263,1.54218,-0.688672,1.55781,-0.956148,1.62701,-0.962399,1.78039,-0.035021,-0.758364,1.46932,-0.758364,1.42763,-0.185164,1.42763,-0.185164,1.46931,-0.998064,1.46932,-0.998064,1.42763,0.054534,1.46931,0.054534,1.42763,0.627732,1.42763,0.627732,1.46932,1.55347,-0.949607,1.62191,-0.998063,1.99806,0.19416,1.98684,1.4802,1.98684,0.193768,0.561258,1.21123,0.55238,0.193768,0.551242,1.17523,-0.998064,1.17523,0.375981,0.193768,1.97328,1.85684,1.97328,1.21242,1.9789,1.21237,1.9789,1.85679,1.9857,1.86145,1.98004,1.86139,1.98004,1.21237,1.9857,1.21243]],
    "name":"Plane.001Geometry"
}
