{
    "faces":[33,4,0,1,3,0,0,0,0,33,5,7,6,2,1,1,1,1,33,7,11,10,6,2,2,2,2,33,11,9,8,10,3,3,3,3,33,9,5,2,8,4,4,4,4,33,2,6,10,8,5,5,5,5,33,9,11,7,5,6,6,6,6,33,4,40,39,14,7,7,7,7,33,1,0,19,20,8,8,8,8,33,25,22,21,24,9,9,9,9,33,36,31,30,29,8,8,8,8,33,22,40,26,32,10,10,10,10,33,3,18,14,4,11,11,11,11,33,17,20,19,13,12,12,12,12,32,3,1,42,8,8,8,32,45,46,18,1,1,1,32,3,42,45,7,7,7,32,3,45,18,7,7,7,32,17,46,45,1,1,1,32,17,45,44,1,1,1,32,1,20,17,8,8,8,32,17,44,43,1,1,1,32,43,42,1,8,8,8,32,43,1,17,7,7,7,32,18,46,17,10,10,10,32,13,24,25,8,8,8,32,18,17,13,13,13,13,32,39,14,18,14,14,14,32,25,37,38,8,8,8,32,38,39,18,15,15,15,32,18,13,25,16,16,16,32,25,38,18,17,17,17,33,55,56,60,57,18,18,18,18,33,54,55,57,59,19,19,19,19,33,53,61,59,51,18,18,18,18,33,53,61,60,56,20,20,20,20,33,4,19,20,3,0,0,0,0],
    "uvs":[],
    "metadata":{
        "type":"Geometry",
        "faces":37,
        "vertices":62,
        "version":3,
        "normals":21,
        "uvs":0,
        "generator":"io_three"
    },
    "normals":[0,-0,-1,-1,0,-0,0,-1,-0,1,0,0,0,1,0,0,0,1,0,-1e-06,-1,-1,0,0,0,0,-0,-1,-0,-0,1,0,-0,-0,1,-0,0,-1,0,0,0,1,0,0,1,0,0,1,-0,0,1,-0,0,1,0,-0,-1,0,1,-0,0,-1,0],
    "name":"Plane.001Geometry",
    "vertices":[-2,0,2,12,0,2,4.64977,-0,-5.14977,12,-0,-8,-2,-0,-8,4.64977,5,-5.14977,4.64977,-0,-5.85023,4.64977,5,-5.85023,5.35023,-0,-5.14977,5.35023,5,-5.14977,5.35023,-0,-5.85023,5.35023,5,-5.85023,12,-0,-8,-2,5,2,-2,5,-8,-2,0,2,12,5,-8,12,5,2,12,5,-8,-2,0,2,12,0,2,-2,0,2,-2,0,0,-2,5,2,-2,5,2,-2,5,-0,-2,1.2,-6,-2,5,-8,-2,5,-8,-2,1.2,-4,-2,1.2,-6,-2,1.2,-6,-2,1.2,-0,-2,1.2,-0,-2,1.2,-2,-2,1.2,-4,-2,1.2,-4,-2,5,-2,-2,5,-4,-2,5,-6,-2,-0,-6,12,0,1.5,12,0,0,12,0,1.5,12,2.5,1.5,12,2.5,-0,12,5,-0,12,-0,-8,12,-0,-6.5,12,-0,-1,12,-0,-1,12,1.2,-1,12,-0,-6.5,12,1.2,-6.5,12,1.2,-1,12,3.5,-1,12,3.5,-6.5,11.8,3.5,-1,12,1.2,-6.5,11.8,1.2,-1,11.8,3.5,-6.5,11.8,1.2,-6.5]
}