{
    "metadata":{
        "normals":66,
        "uvs":1,
        "version":3,
        "generator":"io_three",
        "vertices":93,
        "faces":121,
        "type":"Geometry",
        "colors":18
    },
    "vertices":[-0.016697,-0.01977,-0.162319,-0.021308,-0.019767,-0.244435,0.060803,-0.019767,-0.244435,0.060803,-0.019767,-0.162325,-0.016698,0.012961,-0.162318,-0.021308,0.012958,-0.244435,0.060803,0.012958,-0.244435,0.060803,0.012958,-0.162325,0.144053,-0.003404,-0.269494,0.144053,-0.003404,-0.136897,0.144053,-0.003404,-0.270238,-0.021314,0.012961,-0.183204,-0.021314,-0.01977,-0.183204,0.060803,0.012958,-0.183207,0.060803,-0.019767,-0.183207,0.144053,-0.003404,-0.170808,0.144053,-0.003404,-0.170619,-0.097461,-0.00851,-0.231535,-0.097461,0.001701,-0.231535,-0.041348,-0.019167,-0.207903,-0.041348,0.012367,-0.207903,-0.026183,-0.019171,-0.241859,-0.026183,0.012362,-0.241859,-0.016573,0.012958,-0.244435,-0.016573,-0.019767,-0.244435,-0.016579,0.012961,-0.162318,-0.01651,-0.019739,-0.162396,-0.01651,-0.019739,-0.183242,-0.01651,0.01293,-0.183242,0.023305,0.00164,-0.246786,0.023305,0.00164,0.200826,0.025833,0.001502,-0.246786,0.025833,0.001502,0.200826,0.028264,0.001094,-0.246786,0.028264,0.001094,0.200826,0.030505,0.000431,-0.246786,0.030505,0.00043,0.200826,0.032469,-0.000462,-0.246786,0.032469,-0.000462,0.200826,0.034081,-0.00155,-0.246786,0.034081,-0.00155,0.200826,0.035278,-0.002791,-0.246786,0.035278,-0.002791,0.200826,0.036016,-0.004137,-0.246786,0.036016,-0.004137,0.200826,0.036265,-0.005537,-0.246786,0.036265,-0.005537,0.200826,0.036016,-0.006937,-0.246786,0.036016,-0.006938,0.200826,0.035278,-0.008284,-0.246786,0.035278,-0.008284,0.200826,0.034081,-0.009525,-0.246786,0.034081,-0.009525,0.200826,0.032469,-0.010612,-0.246786,0.032469,-0.010613,0.200826,0.030505,-0.011505,-0.246786,0.030505,-0.011505,0.200826,0.028264,-0.012168,-0.246786,0.028264,-0.012168,0.200826,0.025833,-0.012577,-0.246786,0.025833,-0.012577,0.200826,0.023305,-0.012715,-0.246786,0.023305,-0.012715,0.200826,0.020776,-0.012577,-0.246786,0.020776,-0.012577,0.200826,0.018345,-0.012168,-0.246786,0.018345,-0.012168,0.200826,0.016104,-0.011505,-0.246786,0.016104,-0.011505,0.200826,0.014141,-0.010612,-0.246786,0.014141,-0.010613,0.200826,0.012529,-0.009525,-0.246786,0.012529,-0.009525,0.200826,0.011331,-0.008284,-0.246786,0.011331,-0.008284,0.200826,0.010594,-0.006937,-0.246786,0.010594,-0.006938,0.200826,0.010345,-0.005537,-0.246786,0.010345,-0.005537,0.200826,0.010594,-0.004137,-0.246786,0.010594,-0.004137,0.200826,0.011331,-0.002791,-0.246786,0.011331,-0.002791,0.200826,0.012529,-0.00155,-0.246786,0.012529,-0.00155,0.200826,0.014141,-0.000462,-0.246786,0.014141,-0.000462,0.200826,0.016104,0.000431,-0.246786,0.016104,0.00043,0.200826,0.018345,0.001094,-0.246786,0.018345,0.001094,0.200826,0.020776,0.001502,-0.246786,0.020776,0.001502,0.200826],
    "faces":[169,23,6,2,24,0,1,2,3,0,0,0,0,0,1,1,2,169,14,2,8,16,4,5,6,7,1,1,1,1,1,3,4,4,169,0,26,25,4,10,11,8,9,2,2,2,2,1,1,1,1,169,27,24,2,14,12,13,5,4,3,3,3,3,0,3,3,1,169,2,6,10,8,2,1,14,15,4,4,4,4,1,1,4,4,169,7,13,28,25,16,17,18,19,5,5,5,5,1,1,0,5,169,28,23,5,11,18,20,21,22,6,6,6,6,0,1,6,4,169,12,0,4,11,24,10,9,23,7,7,7,7,7,1,1,8,169,3,14,16,9,25,4,7,26,8,8,8,8,1,1,4,4,169,26,27,14,3,27,12,4,25,9,9,9,9,1,0,1,1,169,10,15,16,8,28,28,28,28,10,10,10,10,9,4,4,9,169,6,13,15,10,29,17,30,31,11,11,11,11,1,1,4,4,169,12,11,20,19,24,23,32,33,12,12,12,12,7,8,4,4,169,13,6,23,28,17,29,20,18,13,13,13,13,1,1,1,0,169,13,7,9,15,17,16,34,30,14,14,14,14,1,1,4,4,169,22,21,17,18,35,36,37,38,15,15,15,15,10,4,4,4,169,1,12,19,21,39,40,41,42,16,16,16,16,4,11,4,4,169,5,1,21,22,43,44,36,35,17,17,17,17,4,4,4,10,169,11,5,22,20,22,21,45,46,18,18,18,18,4,6,4,4,169,5,23,24,1,43,0,3,44,19,19,19,19,4,0,2,4,169,7,25,26,3,47,8,11,48,20,20,20,20,1,1,1,2,169,12,1,24,27,40,39,13,12,21,21,21,21,11,4,3,0,168,7,3,9,47,48,49,22,22,22,1,2,4,169,0,12,27,26,50,40,12,27,23,23,23,23,1,11,0,1,168,15,9,16,28,28,28,10,10,10,9,9,9,169,19,20,18,17,33,32,51,52,24,24,24,24,4,4,4,4,168,21,19,17,36,53,37,25,25,25,4,4,4,168,20,22,18,54,35,38,26,26,26,4,4,4,169,25,28,11,4,19,18,22,55,27,27,27,27,5,0,4,5,169,29,30,32,31,56,57,58,59,28,28,28,28,13,13,13,13,169,31,32,34,33,59,58,60,61,29,29,29,29,13,13,13,13,169,33,34,36,35,61,60,62,63,30,30,30,30,13,13,13,13,169,35,36,38,37,63,62,64,65,31,31,31,31,13,13,13,13,169,37,38,40,39,66,67,68,69,32,32,32,32,13,13,13,13,169,39,40,42,41,69,68,70,71,33,33,33,33,14,13,13,13,169,41,42,44,43,71,70,72,73,34,34,34,34,13,13,13,13,169,43,44,46,45,73,72,74,75,35,35,35,35,13,13,13,13,169,45,46,48,47,75,74,76,77,36,36,36,36,13,13,13,13,169,47,48,50,49,77,76,78,79,37,37,37,37,13,13,13,13,169,49,50,52,51,79,78,80,81,38,38,38,38,13,13,13,13,169,51,52,54,53,81,80,82,83,39,39,39,39,13,13,13,13,169,53,54,56,55,84,85,86,87,40,40,40,40,13,13,13,13,169,55,56,58,57,87,86,88,89,41,41,41,41,14,13,13,13,169,57,58,60,59,89,88,90,91,42,42,42,42,13,13,13,13,169,59,60,62,61,91,90,92,93,43,43,43,43,13,13,13,13,169,61,62,64,63,93,92,94,95,44,44,44,44,13,13,13,13,169,63,64,66,65,95,94,96,97,45,45,45,45,13,13,13,13,169,65,66,68,67,97,96,98,99,46,46,46,46,13,13,13,13,169,67,68,70,69,99,98,100,101,47,47,47,47,13,13,13,13,169,69,70,72,71,83,82,102,103,48,48,48,48,13,13,13,13,169,71,72,74,73,103,102,104,105,49,49,49,49,13,13,13,13,169,73,74,76,75,105,104,106,107,50,50,50,50,13,13,13,13,169,75,76,78,77,107,106,108,109,51,51,51,51,15,13,13,16,169,77,78,80,79,109,108,110,111,52,52,52,52,16,13,13,17,169,79,80,82,81,111,110,112,113,53,53,53,53,17,13,13,14,169,81,82,84,83,113,112,114,115,54,54,54,54,14,13,13,13,169,83,84,86,85,115,114,116,117,55,55,55,55,13,13,13,13,169,85,86,88,87,118,119,120,121,56,56,56,56,13,13,13,13,169,87,88,90,89,121,120,122,123,57,57,57,57,13,13,13,13,168,32,30,92,124,125,126,58,58,58,13,13,13,168,32,92,90,124,126,127,58,58,58,13,13,13,168,32,90,34,124,127,155,59,59,59,13,13,13,168,90,88,34,127,128,155,60,60,60,13,13,13,168,88,36,34,128,154,155,61,61,61,13,13,13,168,88,86,36,128,129,154,60,60,60,13,13,13,168,86,38,36,129,153,154,61,61,61,13,13,13,168,86,84,38,129,130,153,60,60,60,13,13,13,168,84,40,38,130,152,153,61,61,61,13,13,13,168,84,82,40,130,131,152,59,59,59,13,13,13,168,82,42,40,131,151,152,61,61,61,13,13,13,168,82,80,42,131,132,151,60,60,60,13,13,13,168,80,44,42,132,150,151,61,61,61,13,13,13,168,80,78,44,132,133,150,60,60,60,13,13,13,168,78,46,44,133,149,150,61,61,61,13,13,13,168,78,76,46,133,134,149,61,61,61,13,13,13,168,76,48,46,134,148,149,61,61,61,13,13,13,168,76,74,48,134,135,148,61,61,61,13,13,13,168,74,50,48,135,147,148,61,61,61,13,13,13,168,74,72,50,135,136,147,61,61,61,13,13,13,168,72,52,50,136,146,147,61,61,61,13,13,13,168,72,70,52,136,137,146,61,61,61,13,13,13,168,70,54,52,137,145,146,61,61,61,13,13,13,168,70,68,54,137,138,145,61,61,61,13,13,13,168,68,56,54,138,144,145,61,61,61,13,13,13,168,68,66,56,138,139,144,61,61,61,13,13,13,168,66,58,56,139,143,144,62,62,62,13,13,13,168,66,64,58,139,140,143,61,61,61,13,13,13,168,64,60,58,140,142,143,61,61,61,13,13,13,168,64,62,60,140,141,142,61,61,61,13,13,13,169,91,92,30,29,156,157,57,56,63,63,63,63,13,13,13,13,169,89,90,92,91,123,122,157,156,64,64,64,64,13,13,13,13,168,29,31,91,158,159,189,19,19,19,13,13,13,168,31,89,91,159,188,189,65,65,65,13,13,13,168,31,33,89,159,160,188,19,19,19,13,13,13,168,33,87,89,160,187,188,65,65,65,13,13,13,168,33,35,87,160,161,187,19,19,19,13,13,13,168,35,85,87,161,186,187,65,65,65,13,13,13,168,35,37,85,161,162,186,19,19,19,13,13,13,168,37,83,85,162,185,186,65,65,65,13,13,13,168,37,39,83,162,163,185,19,19,19,13,13,13,168,39,81,83,163,184,185,65,65,65,13,13,13,168,39,41,81,163,164,184,0,0,0,13,13,13,168,41,79,81,164,183,184,65,65,65,13,13,13,168,41,43,79,164,165,183,19,19,19,13,13,13,168,43,77,79,165,182,183,65,65,65,13,13,13,168,43,45,77,165,166,182,19,19,19,13,13,13,168,45,75,77,166,181,182,19,19,19,13,13,13,168,45,47,75,166,167,181,19,19,19,13,13,13,168,47,73,75,167,180,181,19,19,19,13,13,13,168,47,49,73,167,168,180,19,19,19,13,13,13,168,49,71,73,168,179,180,19,19,19,13,13,13,168,