{
    "uvs":[],
    "name":"Cylinder.001Geometry",
    "faces":[3,0,1,3,2,0,3,2,3,5,4,0,3,4,5,7,6,0,3,6,7,9,8,0,3,8,9,11,10,0,2,5,3,1,1,2,1,13,11,1,2,11,9,7,1,2,7,5,1,1,2,1,11,7,1,3,10,11,13,12,0,3,1,0,12,13,0,2,12,0,2,0,2,2,4,6,0,2,6,8,10,0,2,10,12,2,0,2,2,6,10,0,3,14,15,17,16,0,3,16,17,19,18,0,3,18,19,21,20,0,3,20,21,23,22,0,3,22,23,25,24,0,2,19,17,15,0,2,15,27,25,0,2,25,23,21,0,2,21,19,15,0,2,15,25,21,0,3,24,25,27,26,0,3,26,27,15,14,0,2,26,14,16,0,2,16,18,20,0,2,20,22,24,0,2,24,26,16,0,2,16,20,24,0,3,28,29,30,31,2,3,32,35,34,33,2,3,28,32,33,29,2,3,29,33,34,30,2,3,30,34,35,31,2,3,32,28,31,35,2],
    "materials":[{
        "transparent":false,
        "depthTest":true,
        "opacity":1,
        "colorSpecular":[0.5,0.5,0.5],
        "colorDiffuse":[0.171233,0.171233,0.171233],
        "shading":"phong",
        "blending":"NormalBlending",
        "DbgName":"Material.003",
        "visible":true,
        "DbgIndex":0,
        "colorEmissive":[0,0,0],
        "wireframe":false,
        "specularCoef":50,
        "DbgColor":15658734,
        "depthWrite":true
    },{
        "transparent":false,
        "depthTest":true,
        "opacity":1,
        "colorSpecular":[0.5,0.5,0.5],
        "colorDiffuse":[0.171233,0.8,0.8],
        "shading":"phong",
        "blending":"NormalBlending",
        "DbgName":"Material.004",
        "visible":true,
        "DbgIndex":2,
        "colorEmissive":[0,0,0],
        "wireframe":false,
        "specularCoef":50,
        "DbgColor":60928,
        "depthWrite":true
    },{
        "transparent":false,
        "depthTest":true,
        "opacity":1,
        "colorSpecular":[0.5,0.5,0.5],
        "colorDiffuse":[0.483062,0.483062,0.483062],
        "shading":"phong",
        "blending":"NormalBlending",
        "DbgName":"Material.002",
        "visible":true,
        "DbgIndex":1,
        "colorEmissive":[0,0,0],
        "wireframe":false,
        "specularCoef":50,
        "DbgColor":15597568,
        "depthWrite":true
    }],
    "vertices":[0.056159,-0.252117,0.19746,0.056159,-0.27039,0.302665,0.0360572,-0.293244,0.190317,0.0360572,-0.311516,0.295522,-0.00911118,-0.303401,0.188553,-0.00911117,-0.321673,0.293758,-0.0453334,-0.274941,0.193496,-0.0453334,-0.293213,0.298701,-0.0453334,-0.229294,0.201424,-0.0453334,-0.247567,0.306629,-0.00911118,-0.200834,0.206367,-0.00911117,-0.219107,0.311572,0.0360572,-0.210991,0.204603,0.0360572,-0.229264,0.309808,0.0409242,0.0161958,-0.00222818,0.0409241,-0.183951,0.00399978,0.0265584,0.0161958,-0.032059,0.0265584,-0.178847,-0.025391,-0.00572112,0.0161958,-0.0394265,-0.00572112,-0.177586,-0.0326499,-0.0316073,0.0161958,-0.018783,-0.0316073,-0.181118,-0.0123109,-0.0316073,0.0161958,0.0143267,-0.0316073,-0.186784,0.0203104,-0.00572112,0.0161959,0.0349702,-0.00572112,-0.190317,0.0406494,0.0265584,0.0161959,0.0276026,0.0265584,-0.189056,0.0333905,0.203853,-0.346334,0.226154,-0.198315,-0.346334,0.226154,-0.198315,-0.260772,-0.266471,0.203853,-0.260772,-0.26647,0.203853,-0.173094,0.256244,-0.198315,-0.173094,0.256244,-0.198315,-0.0875321,-0.236381,0.203853,-0.0875322,-0.236381],
    "metadata":{
        "generator":"io_three",
        "faces":40,
        "version":3,
        "materials":3,
        "type":"Geometry",
        "vertices":36,
        "uvs":0
    }
}