{
    "name":"BueroGeometry",
    "uvs":[],
    "metadata":{
        "uvs":0,
        "normals":43,
        "vertices":119,
        "faces":86,
        "generator":"io_three",
        "type":"Geometry",
        "version":3
    },
    "normals":[0.999984,0.004829,0.003028,0.999958,0.009138,0,-0,0,-1,0,0,-1,-1,0,-0,3e-06,-1,-0,0.058181,-0.998305,0.00109,0.006539,-0.999924,0.010414,-0.068156,-0.151481,-0.986108,-0.054561,-0.279288,-0.958656,-0.057474,0.9983,-0.009668,-0.007149,0.999974,-0.000742,-0.999996,-0.001262,-0.002548,-0.997488,0.070816,-0.001568,-4e-06,1,-0,-0,0.009423,-0.999956,-0.223229,0.064959,-0.972599,-1,-0.000525,-0,-0.999974,-0.000608,-0.007185,-1,-1.2e-05,-0,-1,-1.2e-05,-0,-1,-0.000507,-0.000495,-0.99995,-0.000654,-0.009951,-0.999996,-2.1e-05,-0.002862,-0.99997,-0.00649,-0.004243,0,-1,-0,-0.008644,0.999826,0.016532,-0.040249,0.999136,0.010309,-9e-06,1,-0,1,0,0,0.009138,-0.999859,-0.014064,0.053302,-0.998346,-0.021552,0.161584,-0.005095,0.986846,0.999968,0.005438,0.005855,0,0,1,0.209749,0.065785,0.97554,0,-0,1,0,1,0,1,0,0,-0,0,1,-1,0,-0,0,0,-0,0,-0.012979,0.999916],
    "vertices":[-12.5735,3.31996,5.11824,-12.5598,3.31996,5.09729,-12.5394,3.31996,5.083,-12.5151,3.31996,5.07733,1.32839,3.23398,1.49391,1.34185,-0.417449,-1.18916,1.32839,-0.584093,1.49391,1.35326,3.28929,-1.22769,0.673861,3.23398,1.43936,0.673861,3.23398,1.49391,1.32839,3.23398,1.43936,0.673861,-0.584093,1.43936,0.673861,-0.584093,1.49391,1.32839,-0.584093,1.43936,0.681014,3.24986,-1.23168,0.675296,-0.561581,-1.22785,1.36082,3.3061,-1.17145,0.684963,3.25865,-1.17625,0.675232,-0.559719,-1.17348,1.34158,-0.412167,-1.13655,1.32839,-0.529549,1.43936,0.675625,-0.504938,-1.17233,0.673861,-0.529549,1.43936,1.34411,-0.354205,-1.13197,0.785898,-0.532925,-1.16776,0.782948,3.17943,1.43936,0.798213,3.21337,-1.17531,0.782948,-0.584093,1.43936,0.728403,-0.584093,1.43936,0.728404,-1.02044,1.363,0.728403,-1.02044,1.43936,0.728404,-0.660455,1.363,0.72967,-0.6235,-1.09704,0.73047,-0.547952,-1.17093,0.728596,-0.999303,-1.17729,0.728593,-0.999732,-1.10096,0.804766,-1.02044,1.363,0.804766,-0.660455,1.363,0.80688,-0.601318,-1.0937,0.805065,-0.987181,-1.1001,0.804766,-1.02044,1.43936,0.804766,-0.660455,1.43936,0.808125,-0.525972,-1.16631,0.805073,-0.98682,-1.17642,1.34158,-0.412167,-1.13655,1.34158,-0.412167,-1.13655,1.34185,-0.417449,-1.18916,1.34158,-0.412167,-1.13655,1.28476,-0.468063,-1.14163,1.28476,-0.419231,-1.14163,1.28476,-0.468063,-1.19046,1.28476,-0.419231,-1.19046,1.33359,-0.468063,-1.14163,1.33359,-0.419231,-1.14163,1.33359,-0.468063,-1.19046,1.33359,-0.419231,-1.19046,1.28476,-0.829464,-1.14163,1.28476,-0.829464,-1.19046,1.33359,-0.829464,-1.14163,1.33359,-0.829464,-1.19046,1.28476,-0.983417,-1.14163,1.28476,-0.983417,-1.19046,1.33359,-0.983417,-1.14163,1.33359,-0.983417,-1.19046,-12.5735,3.31996,5.11824,-12.5598,3.31996,5.09729,-12.5394,3.31996,5.083,-12.5151,3.31996,5.07733,1.28476,-0.468063,-1.14163,1.28476,-0.419231,-1.14163,1.28476,-0.468063,-1.19046,1.33359,-0.468063,-1.14163,1.33359,-0.468063,-1.19046,1.28476,-0.829464,-1.14163,1.28476,-0.829464,-1.19046,1.33359,-0.829464,-1.14163,1.33359,-0.829464,-1.19046,1.28476,-0.983417,-1.14163,1.28476,-0.983417,-1.19046,1.33359,-0.983417,-1.14163,1.33359,-0.983417,-1.19046,-12.5735,3.31996,5.11824,-12.5598,3.31996,5.09729,-12.5394,3.31996,5.083,-12.5151,3.31996,5.07733,1.28476,-0.468063,-1.14163,1.28476,-0.419231,-1.14163,1.28476,-0.468063,-1.19046,1.33359,-0.468063,-1.14163,1.33359,-0.468063,-1.19046,1.28476,-0.829464,-1.14163,1.28476,-0.829464,-1.19046,1.33359,-0.829464,-1.14163,1.33359,-0.829464,-1.19046,1.28476,-0.983417,-1.14163,1.28476,-0.983417,-1.19046,1.33359,-0.983417,-1.14163,1.33359,-0.983417,-1.19046,-12.5735,3.31996,7.74777,-12.5598,3.31996,7.72682,-12.5394,3.31996,7.71253,-12.5151,3.31996,7.70686,1.28476,-0.468063,1.4879,1.28476,-0.419231,1.4879,1.28476,-0.468063,1.43907,1.33359,-0.468063,1.4879,1.33359,-0.468063,1.43907,1.28476,-0.829464,1.4879,1.28476,-0.829464,1.43907,1.33359,-0.829464,1.4879,1.33359,-0.829464,1.43907,1.28476,-0.983417,1.4879,1.28476,-0.983417,1.43907,1.33359,-0.983417,1.4879,1.33359,-0.983417,1.43907,0.785898,-0.532925,-1.16776,0.798213,3.21337,-1.17531,1.33042,3.17943,1.43936,1.34138,3.21337,-1.17531],
    "faces":[32,7,6,5,0,0,0,32,7,4,6,1,1,1,32,4,8,9,2,2,2,32,4,10,8,3,3,3,32,9,11,12,4,4,4,32,9,8,11,4,4,4,32,8,13,11,5,5,5,32,8,10,13,5,5,5,32,14,5,15,6,6,6,32,14,7,5,7,7,7,32,16,14,17,8,8,8,32,16,7,14,9,9,9,32,16,18,19,10,10,10,32,16,17,18,11,11,11,32,17,15,18,12,12,12,32,17,14,15,13,13,13,32,4,12,6,14,14,14,32,4,9,12,14,14,14,32,20,21,22,15,15,15,32,20,23,21,16,16,16,32,22,18,11,17,17,17,32,22,21,18,18,18,18,32,28,29,30,19,19,19,32,28,31,29,20,20,20,32,28,32,31,21,21,21,32,28,33,32,22,22,22,32,32,34,35,23,23,23,32,32,33,34,24,24,24,32,31,36,29,25,25,25,32,31,37,36,25,25,25,32,38,35,39,26,26,26,32,38,32,35,27,27,27,32,28,40,41,28,28,28,32,28,30,40,28,28,28,32,37,40,36,29,29,29,32,37,41,40,29,29,29,32,33,43,34,30,30,30,32,33,42,43,31,31,31,33,43,39,35,34,32,32,32,32,33,43,42,38,39,33,33,33,33,33,36,40,30,29,34,34,34,34,33,18,15,5,19,35,35,35,35,33,11,13,6,12,36,36,36,36,33,49,51,50,48,4,4,4,4,33,51,55,54,50,25,25,25,25,33,55,53,52,54,29,29,29,29,33,53,49,48,52,37,37,37,37,33,54,52,58,59,29,29,29,29,33,53,55,51,49,2,2,2,2,33,59,58,62,63,38,38,38,38,33,48,50,57,56,4,4,4,4,33,50,54,59,57,25,25,25,25,33,52,48,56,58,37,37,37,37,33,60,61,63,62,39,39,39,39,33,56,57,61,60,40,40,40,40,33,58,56,60,62,37,37,37,37,33,57,59,63,61,25,25,25,25,33,72,71,75,76,29,29,29,29,33,76,75,79,80,38,38,38,38,33,68,70,74,73,4,4,4,4,33,70,72,76,74,25,25,25,25,33,71,68,73,75,37,37,37,37,33,77,78,80,79,39,39,39,39,33,73,74,78,77,40,40,40,40,33,75,73,77,79,37,37,37,37,33,74,76,80,78,25,25,25,25,33,89,88,92,93,29,29,29,29,33,93,92,96,97,38,38,38,38,33,85,87,91,90,4,4,4,4,33,87,89,93,91,25,25,25,25,33,88,85,90,92,37,37,37,37,33,94,95,97,96,39,39,39,39,33,90,91,95,94,40,40,40,40,33,92,90,94,96,37,37,37,37,33,91,93,97,95,25,25,25,25,33,106,105,109,110,29,29,29,29,33,110,109,113,114,29,29,29,29,33,102,104,108,107,4,4,4,4,33,104,106,110,108,25,25,25,25,33,105,102,107,109,37,37,37,37,33,111,112,114,113,39,39,39,39,33,107,108,112,111,4,4,4,4,33,109,107,111,113,37,37,37,37,33,108,110,114,112,25,25,25,25,33,26,24,115,116,41,41,41,41,33,117,25,116,118,42,42,42,42]
}