{
    "vertices":[-12.5735,3.31996,5.11824,-12.5598,3.31996,5.09729,-12.5394,3.31996,5.083,-12.5151,3.31996,5.07733,1.32839,3.23398,1.49391,1.34185,-0.417449,-1.18916,1.32839,-0.584093,1.49391,1.35326,3.28929,-1.22769,0.673861,3.23398,1.43936,0.673861,3.23398,1.49391,1.32839,3.23398,1.43936,0.673861,-0.584093,1.43936,0.673861,-0.584093,1.49391,1.32839,-0.584093,1.43936,0.681014,3.24986,-1.23168,0.675296,-0.561581,-1.22785,1.36082,3.3061,-1.17145,0.684963,3.25865,-1.17625,0.675232,-0.559719,-1.17348,1.34158,-0.412167,-1.13655,1.32839,-0.529549,1.43936,0.675625,-0.504938,-1.17233,0.673861,-0.529549,1.43936,1.34411,-0.354205,-1.13197,0.785898,-0.532925,-1.16776,0.782948,3.17943,1.43936,0.798213,3.21337,-1.17531,0.782948,-0.584093,1.43936,0.728403,-0.584093,1.43936,0.728404,-1.02044,1.363,0.728403,-1.02044,1.43936,0.728404,-0.660455,1.363,0.72967,-0.6235,-1.09704,0.73047,-0.547952,-1.17093,0.728596,-0.999303,-1.17729,0.728593,-0.999732,-1.10096,0.804766,-1.02044,1.363,0.804766,-0.660455,1.363,0.80688,-0.601318,-1.0937,0.805065,-0.987181,-1.1001,0.804766,-1.02044,1.43936,0.804766,-0.660455,1.43936,0.808125,-0.525972,-1.16631,0.805073,-0.98682,-1.17642],
    "faces":[32,7,6,5,0,0,0,32,7,4,6,1,1,1,32,4,8,9,2,2,2,32,4,10,8,3,3,3,32,9,11,12,4,4,4,32,9,8,11,4,4,4,32,8,13,11,5,5,5,32,8,10,13,5,5,5,32,14,5,15,6,6,6,32,14,7,5,7,7,7,32,16,14,17,8,8,8,32,16,7,14,9,9,9,32,16,18,19,10,10,10,32,16,17,18,11,11,11,32,17,15,18,12,12,12,32,17,14,15,13,13,13,32,4,12,6,14,14,14,32,4,9,12,14,14,14,32,20,21,22,15,15,15,32,20,23,21,16,16,16,32,22,18,11,17,17,17,32,22,21,18,18,18,18,32,24,25,26,19,19,19,32,24,27,25,20,20,20,32,28,29,30,21,21,21,32,28,31,29,22,22,22,32,28,32,31,23,23,23,32,28,33,32,24,24,24,32,32,34,35,25,25,25,32,32,33,34,26,26,26,32,31,36,29,27,27,27,32,31,37,36,27,27,27,32,38,35,39,28,28,28,32,38,32,35,29,29,29,32,28,40,41,30,30,30,32,28,30,40,30,30,30,32,37,40,36,31,31,31,32,37,41,40,31,31,31,32,33,43,34,32,32,32,32,33,42,43,33,33,33],
    "uvs":[],
    "metadata":{
        "vertices":44,
        "normals":34,
        "generator":"io_three",
        "uvs":0,
        "type":"Geometry",
        "version":3,
        "faces":40
    },
    "normals":[0.999984,0.004829,0.003028,0.999958,0.009138,0,-0,0,-1,0,0,-1,-1,0,-0,3e-06,-1,-0,0.058181,-0.998305,0.00109,0.006539,-0.999924,0.010414,-0.068156,-0.151481,-0.986108,-0.054561,-0.279288,-0.958656,-0.057474,0.9983,-0.009668,-0.007149,0.999974,-0.000742,-0.999996,-0.001262,-0.002548,-0.997488,0.070816,-0.001568,-4e-06,1,-0,-0,0.009423,-0.999956,-0.223229,0.064959,-0.972599,-1,-0.000525,-0,-0.999974,-0.000608,-0.007185,-0.999978,-0.005795,-0.003275,-0.999999,-0.001131,0,-1,-1.2e-05,-0,-1,-1.2e-05,-0,-1,-0.000507,-0.000495,-0.99995,-0.000654,-0.009951,-0.999996,-2.1e-05,-0.002862,-0.99997,-0.00649,-0.004243,0,-1,-0,-0.008644,0.999826,0.016532,-0.040249,0.999136,0.010309,-9e-06,1,-0,1,0,0,0.009138,-0.999859,-0.014064,0.053302,-0.998346,-0.021552],
    "name":"BueroGeometry"
}