{
    "name":"Mesh.001Geometry.1",
    "metadata":{
        "type":"Geometry",
        "version":3,
        "generator":"io_three",
        "uvs":0,
        "materials":3,
        "faces":362,
        "vertices":305
    },
    "vertices":[-0.128226,-0.0606848,0.060526,-0.144676,-0.0656915,0.0777216,-0.128226,-0.0606848,0.0949171,-0.111775,-0.0556781,0.0777216,-0.199434,0.138755,0.0605261,-0.215298,0.132121,0.0777216,-0.199434,0.138755,0.0949171,-0.18357,0.145389,0.0777216,-0.324509,0.40226,0.0605261,-0.340722,0.396529,0.0777216,-0.324509,0.40226,0.0949171,-0.308297,0.407991,0.0777216,-0.331205,0.424269,0.0605261,-0.347891,0.420113,0.0777216,-0.331205,0.424269,0.0949171,-0.314519,0.428424,0.0777216,-0.335142,0.444806,0.0605261,-0.352193,0.442578,0.0777216,-0.335142,0.444806,0.0949171,-0.318092,0.447034,0.0777216,-0.336481,0.464159,0.0605261,-0.353676,0.464062,0.0777216,-0.336481,0.464159,0.0949171,-0.319286,0.464255,0.0777216,-0.336238,0.473435,0.0605261,-0.353405,0.474434,0.0777216,-0.336238,0.473435,0.0949171,-0.319072,0.472435,0.0777216,-0.334059,0.491246,0.0605261,-0.35096,0.494416,0.0777216,-0.334059,0.491246,0.0949171,-0.317158,0.488075,0.0777216,-0.329792,0.508136,0.0605261,-0.346178,0.51335,0.0777216,-0.329792,0.508136,0.0949171,-0.313406,0.502923,0.0777216,-0.323641,0.524174,0.0605261,-0.339328,0.531217,0.0777216,-0.323641,0.524174,0.0949171,-0.307954,0.517131,0.0777216,-0.315806,0.539408,0.0605261,-0.330686,0.548028,0.0777216,-0.315806,0.539408,0.0949171,-0.300927,0.530789,0.0777216,-0.29588,0.567589,0.0605261,-0.309061,0.578633,0.0777216,-0.29588,0.567589,0.0949171,-0.2827,0.556545,0.0777216,-0.271572,0.592755,0.0605261,-0.28314,0.605478,0.0777216,-0.271572,0.592755,0.0949171,-0.260004,0.580032,0.0777216,-0.244403,0.614721,0.0605261,-0.254453,0.628674,0.0777216,-0.244403,0.614721,0.0949171,-0.234353,0.600768,0.0777216,-0.215845,0.633046,0.0605261,-0.224318,0.648009,0.0777216,-0.215845,0.633046,0.0949171,-0.207372,0.618083,0.0777216,-0.18702,0.647231,0.0605261,-0.193642,0.663101,0.0777216,-0.18702,0.647231,0.0949171,-0.180399,0.631362,0.0777216,-0.15807,0.657128,0.0605261,-0.16251,0.673741,0.0777216,-0.15807,0.657128,0.0949171,-0.15363,0.640516,0.0777216,-0.143286,0.660544,0.0949171,-0.139974,0.643671,0.0777216,-0.128015,0.663034,0.0605261,-0.130271,0.680081,0.0777216,-0.111961,0.664705,0.0605261,-0.113317,0.681847,0.0777216,-0.111961,0.664705,0.0949171,-0.110604,0.647563,0.0777216,-0.0365637,0.666283,0.0605261,-0.0365637,0.683478,0.0777216,-0.0436588,0.666283,0.0949171,-0.0436588,0.649087,0.0777216,0.13386,0.512809,-0.0535778,0.192106,0.512809,0.0136729,0.13386,0.512809,-0.0535778,0.192106,0.512809,0.0136729,0.048518,0.591143,-0.0125194,0.0981246,0.591143,0.00205299,0.131981,0.591143,0.0411437,0.139339,0.591143,0.0923416,0.117862,0.591143,0.139392,0.0743684,0.591143,0.167356,0.0226676,0.591143,0.167356,-0.0208259,0.591143,0.139392,-0.0423032,0.591143,0.0923415,-0.0349454,0.591143,0.0411437,-0.00108856,0.591143,0.00205299,0.048518,0.697764,-0.0125194,0.0981246,0.697764,0.00205299,0.131981,0.697764,0.0411437,0.139339,0.697764,0.0923416,0.117862,0.697764,0.139392,0.0743684,0.697764,0.167356,0.0226676,0.697764,0.167356,-0.0208259,0.697764,0.139392,-0.0423032,0.697764,0.0923415,-0.0349454,0.697764,0.0411437,-0.00108854,0.697764,0.00205299,0.200451,0.591143,0.0313037,0.207809,0.591143,0.0825016,0.200451,0.697764,0.0313037,0.207809,0.697764,0.0825016,0.200451,0.591143,0.0313037,0.207809,0.591143,0.0825016,0.200451,0.697764,0.0313037,0.207809,0.697764,0.0825016,0.228435,0.591143,0.0272821,0.235793,0.591143,0.07848,0.228435,0.697764,0.0272821,0.235793,0.697764,0.07848,0.285852,0.460918,0.0313037,0.293209,0.460918,0.0825016,0.313835,0.460918,0.0272821,0.321193,0.460918,0.07848,0.048518,0.697764,-0.0125194,0.0981246,0.697764,0.00205299,0.131981,0.697764,0.0411437,0.139339,0.697764,0.0923416,0.117862,0.697764,0.139392,0.0743684,0.697764,0.167356,0.0226676,0.697764,0.167356,-0.0208259,0.697764,0.139392,-0.0423032,0.697764,0.0923415,-0.0349454,0.697764,0.0411437,-0.00108854,0.697764,0.00205299,0.048518,0.697764,-0.0125194,0.0981246,0.697764,0.00205299,0.131981,0.697764,0.0411437,0.139339,0.697764,0.0923416,0.117862,0.697764,0.139392,0.0743684,0.697764,0.167356,0.0226676,0.697764,0.167356,-0.0208259,0.697764,0.139392,-0.0423032,0.697764,0.0923415,-0.0349454,0.697764,0.0411437,-0.00108854,0.697764,0.00205299,0.048518,0.734047,0.0621973,0.057748,0.734047,0.0649087,0.0640476,0.734047,0.0721821,0.0654166,0.734047,0.0817083,0.0614205,0.734047,0.0904627,0.0533279,0.734047,0.0956658,0.0437082,0.734047,0.0956658,0.0356156,0.734047,0.0904627,0.0316194,0.734047,0.0817082,0.0329884,0.734047,0.0721821,0.039288,0.734047,0.0649087,0.048518,-0.229924,-0.0786478,0.048518,0.512809,-0.0786479,0.13386,-0.229924,-0.0535777,0.13386,0.512809,-0.0535778,0.192106,-0.229924,0.013673,0.192106,0.512809,0.0136729,0.204765,-0.229924,0.101753,0.204765,0.512809,0.101753,0.167816,-0.229924,0.182697,0.167816,0.512809,0.182697,0.0929904,-0.229924,0.230806,0.0929904,0.512809,0.230806,0.00404555,-0.229924,0.230806,0.00404555,0.512809,0.230806,-0.0707796,-0.229924,0.182697,-0.0707796,0.512809,0.182697,-0.107729,-0.229924,0.101753,-0.107729,0.512809,0.101753,-0.0950705,-0.229924,0.0136729,-0.0950705,0.512809,0.0136729,-0.036824,-0.229924,-0.0535777,-0.036824,0.512809,-0.0535778,0.048518,0.512809,-0.0786479,0.13386,0.512809,-0.0535778,0.192106,0.512809,0.0136729,0.204765,0.512809,0.101753,0.167816,0.512809,0.182697,0.0929904,0.512809,0.230806,0.00404555,0.512809,0.230806,-0.0707796,0.512809,0.182697,-0.107729,0.512809,0.101753,-0.0950705,0.512809,0.0136729,-0.036824,0.512809,-0.0535778,0.048518,0.512809,-0.0786479,0.13386,0.512809,-0.0535778,0.192106,0.512809,0.0136729,0.204765,0.512809,0.101753,0.167816,0.512809,0.182697,0.0929904,0.512809,0.230806,0.00404555,0.512809,0.230806,-0.0707796,0.512809,0.182697,-0.107729,0.512809,0.101753,-0.0950705,0.512809,0.0136729,-0.036824,0.512809,-0.0535778,0.048518,0.591143,-0.0125195,0.0981246,0.591143,0.00205296,0.131981,0.591143,0.0411437,0.139339,0.591143,0.0923416,0.117862,0.591143,0.139392,0.0743684,0.591143,0.167356,0.0226676,0.591143,0.167356,-0.0208259,0.591143,0.139392,-0.0423032,0.591143,0.0923415,-0.0349454,0.591143,0.0411437,-0.00108856,0.591143,0.00205296,0.048518,0.734047,0.0621973,0.057748,0.734047,0.0649087,0.0640476,0.734047,0.0721821,0.0654166,0.734047,0.0817083,0.0614205,0.734047,0.0904627,0.0533279,0.734047,0.0956658,0.0437082,0.734047,0.0956658,0.0356156,0.734047,0.0904627,0.0316194,0.734047,0.0817082,0.0329884,0.734047,0.0721821,0.039288,0.734047,0.0649087,0.048518,0.754142,0.0621973,0.057748,0.754142,0.0649087,0.0640476,0.754142,0.0721821,0.0654166,0.754142,0.0817083,0.0614204,0.754142,0.0904627,0.0533279,0.754142,0.0956658,0.0437082,0.754142,0.0956658,0.0356156,0.754142,0.0904627,0.0316194,0.754142,0.0817082,0.0329884,0.754142,0.0721821,0.039288,0.754142,0.0649087,0.0640476,0.754142,0.0721821,0.0654166,0.754142,0.0817083,0.0356156,0.754142,0.0904627,0.0316194,0.754142,0.0817082,0.048518,0.754142,0.0621973,0.057748,0.754142,0.0649087,0.0640476,0.754142,0.0721821,0.0654166,0.754142,0.0817083,0.0614204,0.754142,0.0904627,0.0533279,0.754142,0.0956658,0.0437082,0.754142,0.0956658,0.0356156,0.754142,0.0904627,0.0316194,0.754142,0.0817082,0.0329884,0.754142,0.0721821,0.039288,0.754142,0.0649087,0.0206867,0.754142,0.0665616,0.0640476,0.754142,0.0721821,0.0182332,0.754142,0.0836338,0.0319764,0.754142,0.0535265,0.0253949,0.754142,0.0993229,0.0788029,0.754142,0.0836338,0.0650596,0.754142,0.0535265,0.048518,0.754142,0.0486673,0.039898,0.754142,0.108648,0.057138,0.754142,0.108648,0.0763493,0.754142,0.0665616,0.0716411,0.754142,0.0993229,0.0763493,0.754142,0.0665616,0.039288,0.754142,0.0649087,0.0329884,0.754142,0.0721821,0.0316194,0.754142,0.0817082,0.048518,0.754142,0.0486673,0.0356156,0.754142,0.0904627,0.0654166,0.754142,0.0817083,0.057748,0.754142,0.0649087,0.048518,0.754142,0.0621973,0.0437082,0.754142,0.0956658,0.0533279,0.754142,