{
    "uvs":[],
    "name":"Model.001Geometry",
    "materials":[{
        "visible":true,
        "colorSpecular":[0.5,0.5,0.5],
        "shading":"phong",
        "specularCoef":50,
        "blending":"NormalBlending",
        "DbgName":"Material",
        "colorDiffuse":[0.122891,0.732539,0.8],
        "opacity":1,
        "depthWrite":true,
        "colorEmissive":[0,0,0],
        "DbgIndex":1,
        "DbgColor":15597568,
        "wireframe":false,
        "depthTest":true,
        "transparent":false
    },{
        "visible":true,
        "colorSpecular":[0.5,0.5,0.5],
        "shading":"phong",
        "specularCoef":50,
        "blending":"NormalBlending",
        "DbgName":"Material.001",
        "colorDiffuse":[0.0602702,0.0714503,0.207916],
        "opacity":1,
        "depthWrite":true,
        "colorEmissive":[0,0,0],
        "DbgIndex":0,
        "DbgColor":15658734,
        "wireframe":false,
        "depthTest":true,
        "transparent":false
    }],
    "vertices":[-2.24994,0.369999,0.122019,-2.24994,2.13,0.122019,-1.84993,2.13,0.122019,-1.84993,0.369999,0.122019,-1.84993,0.369999,-0.0779819,-1.84993,2.13,-0.0779819,-2.24994,2.13,-0.0779819,-2.24994,0.369999,-0.0779819,-2.44994,2.55,0.122019,-2.24994,0.369999,0.122019,-2.24994,2.13,0.122019,-2.44994,-5.93513e-07,0.122019,-1.64994,2.55,0.122019,-1.84993,2.13,0.122019,-1.84993,0.369999,0.122019,-1.64994,-5.93513e-07,0.122019,-1.64994,2.55,-0.0779819,-1.84993,0.369999,-0.0779819,-1.84993,2.13,-0.0779819,-1.64994,-5.93513e-07,-0.0779819,-2.44994,2.55,-0.0779819,-2.24994,2.13,-0.0779819,-2.44994,-5.93513e-07,-0.0779819,-2.24994,0.369999,-0.0779819,-1.64994,2.5,-0.0779819],
    "faces":[3,0,3,2,1,0,3,6,5,4,7,0,3,20,16,18,21,1,3,22,23,17,19,1,3,23,22,20,21,1,3,22,11,8,20,1,3,14,9,11,15,1,3,12,13,14,15,1,3,9,10,8,11,1,3,8,10,13,12,1,3,16,20,8,12,1,3,19,15,11,22,1,2,24,19,17,1,2,17,18,16,1,2,24,17,16,1,3,19,16,12,15,1],
    "metadata":{
        "uvs":0,
        "version":3,
        "generator":"io_three",
        "materials":2,
        "vertices":25,
        "faces":16,
        "type":"Geometry"
    }
}