{
    "vertices":[-0.0206776,-0.0217522,0.00547968,0.0193853,-0.0217522,0.00547967,-0.0206776,0.0231776,0.00547968,0.0193853,0.0231776,0.00547968,-0.0236181,-0.0271263,9.98361e-05,0.0223258,-0.0271263,9.98361e-05,-0.0236181,0.0285517,9.98427e-05,0.0223258,0.0285517,9.98427e-05,-0.0213476,0.0297972,0.0030397,0.0200553,0.0297972,0.0030397,-0.0227385,-0.0270584,0.00376657,0.0214461,0.0284838,0.00376658,-0.0225488,-0.0275851,0.00343564,0.0212564,-0.0275851,0.00343564,0.0193853,-0.0217522,0.00281767,-0.0205777,-0.0216396,0.00709853,-0.000486139,-0.0216122,0.00860091,0.0192853,-0.0216396,0.00709853,-0.0205777,0.022994,0.00578616,-0.000806212,0.0230912,0.00728649,0.0192853,0.022994,0.00578616,-0.000806212,-0.0216122,0.00860091,-0.000486139,0.0230912,0.00728649,-0.0205777,-0.0217501,0.00443509,-0.000486139,-0.021785,0.00443612,0.0192853,-0.0217501,0.00443509,-0.0205777,0.0228836,0.00312271,-0.000806212,0.0229185,0.00312169,0.0192853,0.0228836,0.00312272,-0.000806212,-0.021785,0.00443612,-0.000486139,0.0229185,0.00312169],
    "uvs":[[0,0,1,0,1,1,0.815315,0.518688,0.748094,0.947145,0.702733,0.620508,0.716742,0.402372,0.148524,0.0651005,0.764906,0.0844646,0.000127719,0.518432,0.094652,0.000127719,0.000127719,0.518688,0.127328,0.93823,0.0751635,0.999872,0.817505,0.480648,0.817505,0.0391687,0.802644,0.995679,0.139668,0.407548,0.121978,0.598619]],
    "faces":[10,4,13,12,0,0,1,2,10,9,6,8,0,0,1,2,10,11,3,1,0,0,1,2,10,27,18,19,0,3,4,5,10,22,17,20,0,6,7,8,10,17,24,25,0,7,9,10,10,7,11,5,0,0,1,2,10,29,15,23,0,11,12,13,10,30,20,28,0,14,8,15,10,2,9,8,0,0,1,2,10,23,18,26,0,13,4,16,10,15,19,18,0,12,5,4,10,20,25,28,0,8,10,15,10,4,7,5,0,0,1,2,10,6,4,10,0,0,1,2,10,4,5,13,0,0,1,2,10,9,7,6,0,0,1,2,10,1,0,12,0,0,1,2,10,10,12,0,0,0,1,2,10,13,11,1,0,0,1,2,10,1,12,13,0,0,1,2,10,14,3,1,0,0,2,1,10,27,26,18,0,3,16,4,10,22,16,17,0,6,17,7,10,17,16,24,0,7,17,9,10,13,5,11,0,0,1,2,10,7,9,11,0,0,1,2,10,29,21,15,0,11,18,12,10,30,22,20,0,14,6,8,10,8,10,2,0,0,1,2,10,2,3,9,0,0,1,2,10,10,0,2,0,0,1,2,10,11,9,3,0,0,1,2,10,23,15,18,0,13,12,4,10,15,21,19,0,12,18,5,10,20,17,25,0,8,7,10,10,4,6,7,0,0,1,2,10,12,10,4,0,0,1,2,10,8,6,10,0,0,1,2],
    "name":"Plane01.001Geometry",
    "metadata":{
        "vertices":31,
        "version":3,
        "uvs":1,
        "faces":39,
        "generator":"io_three",
        "type":"Geometry",
        "materials":1
    },
    "materials":[{
        "colorDiffuse":[0.64,0.64,0.64],
        "wireframe":false,
        "specularCoef":50,
        "DbgIndex":0,
        "colorSpecular":[0.5,0.5,0.5],
        "opacity":1,
        "shading":"phong",
        "doubleSided":true,
        "DbgColor":15658734,
        "transparent":false,
        "visible":true,
        "DbgName":"Material.001",
        "depthWrite":true,
        "depthTest":true,
        "colorEmissive":[0,0,0],
        "blending":"NormalBlending"
    }]
}