{
    "uvs":[],
    "name":"BueroGeometry",
    "normals":[0,-1,-0,3e-06,-1,-3e-06,7e-06,-1,-0,1,3e-06,-0,1,3e-06,0,0,0,1,-1,-7e-06,-0,0,-0,-1,0,0,-1,3e-06,-1,-0,1,2e-06,0,1,3e-06,-0,3e-06,-1,3e-06,3e-06,-1,-3e-06,-0,-1,-0,3e-06,-1,-3e-06,3e-06,-1,-0,-0.866024,-0.500003,-1e-06,-0.866025,-0.500001,0,-0.078218,0.135477,-0.987688,-0.078218,0.135476,-0.987688,0.493846,-0.855361,-0.156439,0.493846,-0.855363,-0.15643,0.493844,-0.855363,-0.156435,0.493844,-0.855363,-0.156435,0.493847,-0.855362,-0.156433,0.493847,-0.855362,-0.156434,0.493841,-0.855365,-0.156436,0.493849,-0.85536,-0.156434,0.493847,-0.855362,-0.156436,0.493846,-0.855362,-0.156435,0.500002,-0.866024,-0,0.292374,-0.956304,-0,0.059631,-0.195042,-0.97898,0.059631,-0.195042,-0.97898,-0,-0,-1,0,0,-1,-0,0.242536,-0.970143,0,0.242536,-0.970143,-1,-6e-06,2.4e-05,1,4e-06,-0,1,4e-06,0,1,6e-06,-2.4e-05,-0.838037,-0.545614,-0,-0.573744,-0.819035,-0,-0.22709,-0.973874,-0,0.153706,-0.988117,-0,0.515776,-0.856723,-0,0.798424,-0.602095,-0,0.973321,-0.229447,-0,-1,-3e-06,-0,2e-06,-1,-0,1,3e-06,-0,1,3e-06,0,1,-3e-06,-0,1,-4e-06,-0,-4e-06,-1,-0,-1,4e-06,-0,0.126001,-0.072748,-0.989359,0.126001,-0.072748,-0.989359,-0.500004,-0.866023,-0,-0.500004,-0.866023,-0,0.866023,-0.500003,-0,0.122474,-0.070711,-0.989949,0.122474,-0.070711,-0.989949,0.866024,-0.500003,-0,-0.5,-0.866025,-0,-0.5,-0.866025,0,0.128467,-0.074171,-0.988936,-0.500004,-0.866023,-0,0.866024,-0.500003,-0,-0.866024,0.500003,-0,-0.500003,-0.866023,-0,-0.500003,-0.866023,-0],
    "faces":[32,9,10,11,0,0,0,32,9,12,10,0,0,0,32,9,13,12,1,1,1,32,13,15,16,2,2,2,32,13,14,15,2,2,2,32,12,17,10,3,3,3,32,12,18,17,4,4,4,32,13,18,12,5,5,5,32,19,16,20,6,6,6,32,23,24,25,7,7,7,32,23,26,24,8,8,8,32,25,24,27,9,9,9,32,24,26,29,10,10,10,32,36,35,37,11,11,11,32,33,38,31,0,0,0,32,33,39,38,0,0,0,32,38,37,31,12,12,12,32,38,40,37,13,13,13,32,41,37,40,0,0,0,32,41,36,37,14,14,14,32,33,41,39,15,15,15,32,40,39,41,16,16,16,32,40,38,39,16,16,16,32,42,43,44,17,17,17,32,42,45,43,18,18,18,32,48,45,42,19,19,19,32,48,47,45,20,20,20,32,45,49,50,21,21,21,32,45,47,49,22,22,22,32,43,50,51,23,23,23,32,43,45,50,24,24,24,32,46,51,52,25,25,25,32,46,43,51,26,26,26,32,47,52,49,27,27,27,32,47,46,52,28,28,28,32,50,49,52,29,29,29,32,50,52,51,30,30,30,32,55,58,56,31,31,31,32,62,63,60,32,32,32,32,62,64,63,32,32,32,32,59,64,62,33,33,33,32,59,65,64,34,34,34,32,66,69,67,35,35,35,32,66,70,69,35,35,35,32,66,71,70,7,7,7,32,66,72,71,7,7,7,32,66,73,72,7,7,7,32,66,74,73,7,7,7,32,66,75,74,36,36,36,32,66,76,75,36,36,36,32,77,75,76,37,37,37,32,77,78,75,38,38,38,32,77,76,66,39,39,39,32,74,79,80,40,40,40,32,74,78,79,41,41,41,32,74,75,78,42,42,42,32,68,82,81,43,43,43,32,68,67,82,43,43,43,32,67,69,83,44,44,44,32,69,84,83,45,45,45,32,69,70,84,45,45,45,32,70,71,85,46,46,46,32,71,72,86,47,47,47,32,72,87,86,48,48,48,32,72,73,87,48,48,48,32,73,80,87,49,49,49,32,73,74,80,49,49,49,32,88,89,90,7,7,7,32,88,91,89,8,8,8,32,88,90,94,50,50,50,32,90,95,94,51,51,51,32,90,89,95,51,51,51,32,89,93,95,52,52,52,32,89,91,93,53,53,53,32,96,97,98,54,54,54,32,96,99,97,54,54,54,32,96,98,102,0,0,0,32,106,107,108,7,7,7,32,106,109,107,8,8,8,32,108,110,111,55,55,55,32,108,107,110,55,55,55,32,106,111,113,56,56,56,32,106,108,111,56,56,56,32,109,106,113,57,57,57,32,114,115,116,58,58,58,32,114,117,115,59,59,59,32,114,119,118,60,60,60,32,114,116,119,61,61,61,32,116,120,119,62,62,62,32,116,115,120,62,62,62,32,121,122,123,63,63,63,32,121,124,122,64,64,64,32,122,125,126,65,65,65,32,122,124,125,65,65,65,32,131,122,126,66,66,66,32,131,132,122,67,67,67,32,135,136,137,68,68,68,32,135,138,136,68,68,68,32,137,136,139,69,69,69,32,136,141,139,70,70,70,32,136,138,141,70,70,70,32,135,137,140,71,71,71,32,129,142,143,72,72,72,32,129,132,142,73,73,73],
    "metadata":{
        "uvs":0,
        "normals":74,
        "faces":104,
        "generator":"io_three",
        "type":"Geometry",
        "version":3,
        "vertices":145
    },
    "vertices":[13.04,4.65,2,-5,-2,12,0.70987,-2.5595,6.82329,1.05987,-1.3595,6.82329,3.25987,-1.3595,6.82329,2.95987,-1.3595,6.82329,0.813891,-1.3395,5.67329,0.813851,-1.2895,5.62329,0.763851,-1.2895,5.62333,1.95987,-1.4095,5.12329,2.02987,-2.5595,5.12329,1.95987,-2.5595,5.12329,2.02987,-1.4795,5.12329,4.78987,-1.4795,5.12329,4.85987,-1.4095,5.12329,4.85987,-2.5595,5.12329,4.78987,-2.5595,5.12329,2.02987,-2.5595,5.19329,2.02987,-1.4795,5.19329,4.78987,-1.4795,5.19329,4.78987,-2.5595,5.19329,1.95987,-2.5595,5.19329,4.85987,-1.4095,5.19329,1.90987,-1.3595,6.27329,4.90987,-1.3595,5.07329,1.90987,-1.3595,5.07329,4.90987,-1.3595,6.27329,4.90987,-1.4095,5.07329,1.90987,-1.4095,5.07329,4.90987,-1.4095,6.27329,1.90987,-1.4095,6.27329,2.02987,-2.3195,5.14329,2.02987,-2.3195,6.20329,2.02987,-1.4795,5.14329,2.74987,-1.4795,6.20329,2.74987,-2.3195,6.20329,2.74987,-1.4795,5.14329,2.74987,-2.3195,5.14329,2.07987,-2.2695,5.14329,2.07987,-1.5295,5.14329,2.69987,-2.2695,5.14329,2.69987,-1.5295,5.14329,2.78593,-0.726888,5.78241,2.92175,-1.29134,5.54716,2.83285,-1.3195,5.70112,2.87482,-0.69873,5.62844,3.44136,-1.29134,5.84716,3.39443,-0.69873,5.92844,3.30554,-0.726888,6.08241,3.34716,-0.757991,5.89032,2.93147,-0.757991,5.65031,2.96245,-1.14912,5.59666,3.37814,-1.14912,5.83667,2.8241,-1.3295,5.99629,3.31587,-1.3295,5.86452,3.0041,-1.3295,5.68452,3.0041,-1.3595,5.68452,2.8241,-1.3595,5.99629,3.31587,-1.3595,5.86452,3.27133,-1.2895,5.41278,3.3415,-1.3595,5.18327,3.27133,-1.3595,5.41278,3.3415,-1.3395,5.18327,4.03004,-1.3595,5.39378,4.03004,-1.3395,5.39378,3.95987,-1.2895,5.62329,2.92987,-1.3195,5.32929,2.94677,-1.3195,5.28769,2.93427,-1.3195,5.30689,2.96547,-1.3195,5.27459,2.98777,-1.3195,5.26939,3.01027,-1.3195,5.27289,3.02987,-1.3195,5.28469,3.04367,-1.3195,5.30299,3.04987,-1.3195,5.32929,3.04987,-1.3195,5.40729,2.92987,-1.3195,5.40729,2.92987,-1.3315,5.45529,3.04987,-1.3315,5.45529,3.04987,-1.3495,5.45529,3.04987,-1.3495,5.32929,2.93427,-1.3495,5.30689,2.94677,-1.3495,5.28769,2.96547,-1.3495,5.27459,2.98777,-1.3495,5.26939,3.01027,-1.3495,5.27289,3.02987,-1.3495,5.28469,3.04367,-1.3495,5.30299,2.68987,-1.3445,5.51129,3.18987,-1.3445,5.17129,2.68987,-1.3445,5.17129,3.18987,-1.3445,5.51129,2.68987,-1.3645,5.51129,3.18987,-1.3645,5.51129,2.68987,-1.3645,5.17129,3.18987,-1.3645,5.17129,1.90986,-1.4095,3.52329,1.90986,-2.5595,3.59329,1.90986,-2.5595,3.52329,1.90986,-1.4795,3.59329,1.90987,-1.4795,6.35329,1.83986,-2.5595,3.59329,1.83986,-2.5595,3.52329,1.83986,-1.4795,3.52329,0.829859,-1.4095,3.5233,0.829859,-1.4795,3.5233,0.759859,-1.3595,3.4733,1.95987,-1.3595,6.47329,1.95986,-1.3595,3.47329,0.75987,-1.3595,6.4733,1.95987,-1.4095,6.47329,1.95986,-1.4095,3.47329,0.75987,-1.4095,6.4733,0.759859,-1.4095,3.4733,1.17786,-1.2795,4.55228,1.72231,-1.3295,4.81529,1.47231,-1.3295,4.38228,1.42786,-1.2795,4.98529,1.17786,-1.3595,4.55228,1.47231,-1.3595,4.38228,1.72231,-1.3595,4.81529,1.43884,-1.2495,4.94431,1.62133,-1.2895,4.70039,1.37884,-1.2495,4.84039,1.68133,-1.2895,4.80431,1.68133,-1.3295,4.80431,1.62133,-1.3295,4.70039,1.37884,-1.3095,4.84039,1.44813,-1.3095,4.80039,1.44813,-1.2611,4.80039,1.50813,-1.2611,4.90431,1.55205,-1.3295,4.74039,1.55205,-1.2757,4.74039,1.61205,-1.3295,4.84431,1.61205,-1.2757,4.84431,1.38813,-1.2795,4.69647,1.46133,-1.3095,4.42326,1.28812,-1.2795,4.52326,1.56133,-1.3095,4.59647,1.46133,-1.3295,4.42326,1.28812,-1.3095,4.52326,1.56133,-1.3295,4.59647,1.55205,-1.2945,4.74039,1.44813,-1.2805,4.80039,1.50813,-1.2805,4.90431]
}