{
    "metadata":{
        "type":"Geometry",
        "generator":"io_three",
        "uvs":0,
        "vertices":66,
        "materials":1,
        "faces":93,
        "version":3,
        "colors":9
    },
    "faces":[130,3,2,7,0,0,0,0,130,7,14,11,0,0,0,0,130,12,15,10,0,0,0,0,130,3,7,11,0,0,0,0,130,12,10,5,0,0,0,0,130,3,11,12,0,0,0,0,130,12,5,4,0,0,0,0,130,4,3,12,0,0,0,0,130,1,3,4,0,0,0,2,130,4,17,9,0,2,0,0,130,6,1,4,0,0,0,2,130,4,9,6,0,2,0,0,130,0,2,3,0,0,0,0,130,3,1,20,0,0,0,0,130,20,13,0,0,0,0,0,130,3,20,0,0,0,0,0,131,22,6,9,23,0,0,0,0,0,130,17,4,5,0,0,0,0,130,5,18,16,0,0,0,0,130,21,17,5,0,0,0,0,130,5,16,21,0,0,0,0,131,25,23,21,16,0,0,0,0,0,131,13,20,22,24,0,0,0,0,0,131,14,15,65,64,0,3,3,3,3,131,25,24,48,49,0,0,0,0,4,131,8,24,25,19,0,0,0,0,0,131,18,19,32,29,0,0,0,0,0,131,8,0,26,31,0,0,0,0,0,131,19,25,40,32,0,0,0,0,0,131,16,18,29,41,0,0,0,0,0,131,37,33,28,35,0,0,0,0,0,131,34,27,30,36,0,0,0,0,0,131,32,40,41,29,0,0,0,0,0,131,26,38,39,31,0,0,0,0,0,131,25,16,41,40,0,0,0,0,0,131,1,6,30,27,0,0,0,0,5,131,21,23,37,35,0,0,0,0,0,131,6,22,36,30,0,0,0,0,0,131,20,1,27,34,0,0,0,0,0,131,24,8,31,39,0,0,0,0,0,131,9,17,28,33,0,0,0,0,0,131,13,24,39,38,0,0,0,0,6,131,17,21,35,28,0,0,0,0,0,131,22,20,34,36,0,0,0,0,0,131,0,13,38,26,0,0,0,0,0,131,23,9,33,37,0,0,0,0,0,131,43,45,44,42,0,0,0,0,0,130,43,10,15,0,0,0,0,130,15,51,50,0,0,0,0,130,50,45,43,0,0,0,0,130,15,50,43,0,0,0,0,130,52,14,7,0,0,0,0,130,7,42,44,0,0,0,0,130,53,52,7,0,0,0,0,130,7,44,53,0,0,0,0,131,48,46,47,49,0,0,0,0,0,131,23,25,49,47,0,0,0,0,0,131,24,22,46,48,0,0,0,0,0,131,22,23,47,46,0,0,0,0,0,130,14,52,55,0,7,7,7,130,53,44,56,0,7,7,7,130,57,54,55,0,7,7,7,130,55,52,53,0,7,7,7,130,53,56,57,0,7,7,7,130,55,53,57,0,7,7,7,130,45,50,59,0,8,7,7,130,61,58,59,0,7,7,7,130,59,50,51,0,7,7,7,130,51,60,61,0,7,7,7,130,59,51,61,0,7,7,7,130,51,15,60,0,7,7,7,130,18,5,10,0,0,0,0,130,10,43,42,0,0,0,0,130,7,2,0,0,0,0,0,130,10,42,7,0,0,0,0,130,19,18,10,0,0,0,0,130,7,0,8,0,0,0,0,130,8,19,10,0,0,0,0,130,10,7,8,0,0,0,0,130,57,56,44,0,7,7,7,130,44,45,59,0,7,8,7,130,44,59,58,0,7,7,7,130,57,44,58,0,7,7,7,130,61,60,15,0,7,7,7,130,57,58,61,0,7,7,7,130,14,55,54,0,7,7,7,130,54,57,61,0,7,7,7,130,61,15,14,0,7,7,7,130,61,14,54,0,7,7,7,131,65,63,62,64,0,7,7,7,7,131,15,12,63,65,0,7,7,7,7,131,11,14,64,62,0,3,3,3,3,131,12,11,62,63,0,7,7,7,7],
    "name":"Cube.002Geometry",
    "uvs":[],
    "vertices":[0.251458,0.455925,-0.127655,0.251458,0.455925,0.372345,0.251458,0.556576,-0.127655,0.251458,0.556576,0.372345,-0.248542,0.556576,0.372345,-0.248541,0.556576,-0.127655,0.210549,0.455925,0.372345,0.22092,0.568926,-0.127655,0.210549,0.455925,-0.127655,-0.211814,0.455925,0.372345,-0.222185,0.568926,-0.127655,0.210549,0.556576,0.335308,-0.211814,0.556576,0.335308,0.251458,0.455925,-0.0906178,0.189858,0.556576,-0.0906179,-0.191123,0.556576,-0.0906179,-0.248541,0.455925,-0.0906179,-0.248542,0.455925,0.372345,-0.248541,0.455925,-0.127655,-0.211814,0.455925,-0.127655,0.251458,0.455925,0.335308,-0.248542,0.455925,0.335308,0.210549,0.455925,0.335308,-0.211814,0.455925,0.335308,0.210549,0.455925,-0.0906178,-0.211814,0.455925,-0.0906179,0.251458,5.58417e-05,-0.127655,0.251458,5.58636e-05,0.372345,-0.248542,5.58636e-05,0.372345,-0.248541,5.58417e-05,-0.127655,0.210549,5.58636e-05,0.372345,0.210549,5.58417e-05,-0.127655,-0.211814,5.58417e-05,-0.127655,-0.211814,5.58636e-05,0.372345,0.251458,5.58619e-05,0.335308,-0.248542,5.58619e-05,0.335308,0.210549,5.58619e-05,0.335308,-0.211814,5.58619e-05,0.335308,0.251458,5.58433e-05,-0.0906178,0.210549,5.58433e-05,-0.0906178,-0.211814,5.58433e-05,-0.0906179,-0.248541,5.58433e-05,-0.0906179,0.210549,1.16963,-0.284917,-0.211814,1.16963,-0.284917,0.181174,1.14121,-0.240588,-0.182438,1.14121,-0.240588,0.210549,0.549501,0.335308,-0.211814,0.549501,0.335308,0.210549,0.549501,-0.0906179,-0.211814,0.549501,-0.0906179,-0.182438,1.00926,-0.206742,-0.182438,0.745372,-0.139048,0.181174,0.745372,-0.139048,0.181174,1.00926,-0.206742,0.14043,0.664176,-0.094024,0.173428,0.612412,-0.0968195,0.173428,1.1177,-0.226438,0.14043,1.07368,-0.19907,-0.141695,1.07368,-0.19907,-0.174692,1.1177,-0.226438,-0.174692,0.612412,-0.0968196,-0.141695,0.664176,-0.094024,0.210549,0.566546,0.335308,-0.211814,0.566546,0.335308,0.210549,0.566546,-0.0906179,-0.211814,0.566546,-0.0906179],
    "colors":[6697728,0,6697729,16777215,6763779,6763522,6763521,8421504,8289918],
    "materials":[{
        "visible":true,
        "blending":"NormalBlending",
        "specularCoef":50,
        "wireframe":false,
        "colorEmissive":[0,0,0],
        "vertexColors":true,
        "depthTest":true,
        "doubleSided":true,
        "shading":"phong",
        "depthWrite":true,
        "DbgIndex":0,
        "DbgName":"Material",
        "transparent":false,
        "DbgColor":15658734,
        "colorSpecular":[0.5,0.5,0.5],
        "opacity":1
    }]
}