{
    "normals":[0,-1,0,0,-1,-0,0,-1,0,0,-1,-0,0,1,-0,0,1,0,0,1,-0,0,-0,1,-1,0,-0,0,1,-0,1,0,0,0,-1,0,0,-1,0,0,1,-0,0,0,1,0,1,0,0,0,1,0,0,1,0,-0,-1,0,-0,-1,-0,-0,-1,-0,-0,-1,0,-0,-1,0,0,-0],
    "metadata":{
        "version":3,
        "type":"Geometry",
        "normals":24,
        "vertices":48,
        "generator":"io_three",
        "faces":48,
        "uvs":0
    },
    "name":"CubeGeometry",
    "vertices":[1.5353,0.733135,-0.699689,-0.464696,0.733135,-0.699689,1.5353,0.733136,1.98792,-0.464696,0.733136,1.98792,1.43594,0.733135,-0.699689,1.43594,0.733136,1.98792,-0.378886,0.733135,-0.699689,-0.378886,0.733136,1.98792,-0.464696,0.733136,1.86429,1.5353,0.733136,1.86429,1.43594,0.733136,1.86429,-0.378886,0.733136,1.86429,-0.464696,0.733135,-0.569713,1.5353,0.733135,-0.569713,1.43594,0.733135,-0.569713,-0.378886,0.733135,-0.569713,1.5353,-1.07702,1.98792,1.43594,-1.07702,1.98792,1.5353,-1.07702,1.86429,1.43594,-1.07702,1.86429,1.5353,-1.13021,-0.699689,1.43594,-1.13021,-0.699689,1.5353,-1.13021,-0.569712,1.43594,-1.13021,-0.569712,-0.464696,-1.16289,-0.699689,-0.378886,-1.16289,-0.699689,-0.464696,-1.16289,-0.569712,-0.378886,-1.16289,-0.569712,-0.464696,-1.09083,1.98792,-0.378886,-1.09083,1.98792,-0.464696,-1.09083,1.86429,-0.378886,-1.09083,1.86429,-0.464696,0.700111,1.86429,-0.378886,0.700111,1.86429,-0.464696,0.70011,-0.569713,-0.378886,0.70011,-0.569713,1.43594,0.698981,1.98792,-0.378886,0.698981,1.98792,1.43594,0.698981,1.86429,-0.378886,0.698981,1.86429,1.5353,0.701012,1.86429,1.43594,0.701012,1.86429,1.5353,0.701012,-0.569713,1.43594,0.701012,-0.569713,1.43594,0.700172,-0.699689,-0.378886,0.700172,-0.699689,1.43594,0.700172,-0.569713,-0.378886,0.700172,-0.569713],
    "faces":[33,10,9,18,19,0,0,0,0,33,11,10,38,39,1,1,1,1,33,8,11,31,30,2,2,2,2,33,14,13,42,43,1,1,1,1,33,12,15,35,34,3,3,3,3,33,13,14,23,22,4,4,4,4,33,14,15,47,46,5,5,5,5,33,15,12,26,27,6,6,6,6,33,19,18,16,17,7,7,7,7,33,5,10,19,17,8,8,8,8,33,2,5,17,16,9,9,9,9,33,9,2,16,18,10,10,10,10,33,21,20,22,23,7,7,7,7,33,14,4,21,23,8,8,8,8,33,0,13,22,20,10,10,10,10,33,4,0,20,21,11,11,11,11,33,24,25,27,26,7,7,7,7,33,6,15,27,25,10,10,10,10,33,12,1,24,26,8,8,8,8,33,1,6,25,24,12,12,12,12,33,30,31,29,28,7,7,7,7,33,3,8,30,28,8,8,8,8,33,11,7,29,31,10,10,10,10,33,7,3,28,29,13,13,13,13,33,34,35,33,32,14,14,14,14,33,15,11,33,35,10,10,10,10,33,8,12,34,32,8,8,8,8,33,11,8,32,33,15,15,15,15,33,39,38,36,37,7,7,7,7,33,7,11,39,37,8,8,8,8,33,5,7,37,36,5,5,5,5,33,10,5,36,38,10,10,10,10,33,43,42,40,41,16,16,16,16,33,10,14,43,41,8,8,8,8,33,13,9,40,42,10,10,10,10,33,9,10,41,40,5,5,5,5,33,45,44,46,47,17,17,17,17,33,15,6,45,47,8,8,8,8,33,4,14,46,44,10,10,10,10,33,6,4,44,45,1,1,1,1,32,1,3,6,18,18,18,32,3,4,6,18,18,18,32,3,0,4,19,19,19,32,13,0,3,20,20,20,32,3,9,13,21,21,21,32,3,2,9,22,22,22,32,3,7,2,23,23,23,32,7,5,2,23,23,23],
    "uvs":[]
}