{
    "metadata":{
        "faces":74,
        "uvs":0,
        "version":3,
        "materials":2,
        "generator":"io_three",
        "vertices":76,
        "type":"Geometry"
    },
    "uvs":[],
    "vertices":[0.660763,1.00025,-1.25874,0.660763,1.00025,1.14126,-0.739237,1.00025,1.14126,-0.739237,1.00025,-1.25874,0.660764,1.06425,-1.25874,0.660763,1.06425,1.14126,-0.739237,1.06425,1.14126,-0.739237,1.06425,-1.25874,0.660763,1.00025,1.02126,-0.739237,1.00025,1.02126,0.660763,1.06425,1.02126,-0.739237,1.06425,1.02126,-0.739237,1.00025,-1.14474,-0.739237,1.06425,-1.14474,0.660763,1.00025,-1.14474,0.660763,1.06425,-1.14474,0.555763,1.00025,-1.25874,0.555763,1.00025,1.14126,0.555763,1.06425,-1.25874,0.555763,1.06425,1.14126,0.555763,1.00025,1.02126,0.555763,1.06425,1.02126,0.555763,1.00025,-1.14474,0.555763,1.06425,-1.14474,-0.609737,1.00025,-1.25874,-0.609737,1.00025,1.14126,-0.609737,1.06425,-1.25874,-0.609737,1.06425,1.14126,-0.609737,1.00025,1.02126,-0.609737,1.00025,-1.14474,-0.609737,1.06425,1.02126,-0.609737,1.06425,-1.14474,0.660763,1.00025,1.14126,0.660763,1.00025,1.02126,0.555763,1.00025,1.14126,0.555763,1.00025,1.02126,0.660763,0.000246455,1.14126,0.660763,0.00024645,1.02126,0.555763,0.000246455,1.14126,0.555763,0.00024645,1.02126,0.660763,0.000246351,-1.25874,0.660763,0.000246356,-1.14474,0.555763,0.000246351,-1.25874,0.555763,0.000246356,-1.14474,-0.739237,0.000246351,-1.25874,-0.739237,0.000246356,-1.14474,-0.609737,0.000246351,-1.25874,-0.609737,0.000246356,-1.14474,-0.739237,0.000246455,1.14126,-0.739237,0.00024645,1.02126,-0.609737,0.000246455,1.14126,-0.609737,0.00024645,1.02126,0.660763,1.00025,-1.25874,0.660763,1.00025,1.14126,-0.739237,1.00025,1.14126,-0.739237,1.00025,-1.25874,0.660764,1.06425,-1.25874,0.660763,1.06425,1.14126,-0.739237,1.06425,1.14126,-0.739237,1.06425,-1.25874,0.660763,1.00025,1.02126,-0.739237,1.00025,1.02126,0.660763,1.06425,1.02126,-0.739237,1.06425,1.02126,-0.739237,1.00025,-1.14474,-0.739237,1.06425,-1.14474,0.660763,1.00025,-1.14474,0.660763,1.06425,-1.14474,0.555763,1.00025,-1.25874,0.555763,1.00025,1.14126,0.555763,1.06425,-1.25874,0.555763,1.06425,1.14126,-0.609737,1.00025,-1.25874,-0.609737,1.00025,1.14126,-0.609737,1.06425,-1.25874,-0.609737,1.06425,1.14126],
    "name":"CubeGeometry",
    "materials":[{
        "wireframe":false,
        "specularCoef":50,
        "DbgIndex":1,
        "shading":"phong",
        "opacity":1,
        "colorEmissive":[0,0,0],
        "DbgColor":15597568,
        "doubleSided":true,
        "colorSpecular":[0.0819786,0.0819786,0.0819786],
        "visible":true,
        "blending":"NormalBlending",
        "depthTest":true,
        "depthWrite":true,
        "transparent":false,
        "DbgName":"Material.001",
        "colorDiffuse":[0.447679,0.447679,0.447679]
    },{
        "wireframe":false,
        "specularCoef":50,
        "DbgIndex":0,
        "shading":"phong",
        "opacity":1,
        "colorEmissive":[0,0,0],
        "DbgColor":15658734,
        "doubleSided":true,
        "colorSpecular":[0.413866,0.413866,0.413866],
        "visible":true,
        "blending":"NormalBlending",
        "depthTest":true,
        "depthWrite":true,
        "transparent":false,
        "DbgName":"Material",
        "colorDiffuse":[1,1,1]
    }],
    "faces":[3,28,25,50,51,0,3,30,11,6,27,1,3,0,16,68,52,0,3,10,5,57,62,1,3,18,4,56,70,1,3,11,13,65,63,1,3,29,28,9,12,0,3,31,13,11,30,1,3,27,6,58,75,1,3,15,10,62,67,1,3,14,0,52,66,0,3,24,29,47,46,0,3,26,7,13,31,1,3,24,3,55,72,0,3,17,20,35,34,0,3,10,21,19,5,1,3,25,17,69,73,0,3,4,15,67,56,1,3,14,8,20,22,0,3,15,23,21,10,1,3,22,16,42,43,0,3,4,18,23,15,1,3,20,17,25,28,0,3,21,30,27,19,1,3,2,25,73,54,0,3,19,27,75,71,1,3,22,20,28,29,0,3,23,31,30,21,1,3,16,22,29,24,0,3,18,26,31,23,1,3,34,35,39,38,0,3,20,8,33,35,0,3,1,17,34,32,0,3,8,1,32,33,0,3,37,36,38,39,0,3,35,33,37,39,0,3,32,34,38,36,0,3,33,32,36,37,0,3,40,41,43,42,0,3,14,22,43,41,0,3,16,0,40,42,0,3,0,14,41,40,0,3,46,47,45,44,0,3,29,12,45,47,0,3,12,3,44,45,0,3,3,24,46,44,0,3,51,50,48,49,0,3,9,28,51,49,0,3,2,9,49,48,0,3,25,2,48,50,0,3,60,62,57,53,0,3,73,75,58,54,0,3,64,65,59,55,0,3,74,72,55,59,0,3,66,67,62,60,0,3,54,58,63,61,0,3,61,63,65,64,0,3,52,56,67,66,0,3,53,57,71,69,0,3,56,52,68,70,0,3,69,71,75,73,0,3,70,68,72,74,0,3,6,11,63,58,1,3,26,18,70,74,1,3,9,2,54,61,0,3,16,24,72,68,0,3,1,8,60,53,0,3,13,7,59,65,1,3,8,14,66,60,0,3,5,19,71,57,1,3,7,26,74,59,1,3,12,9,61,64,0,3,17,1,53,69,0,3,3,12,64,55,0]
}