{
    "metadata":{
        "version":3,
        "colors":10,
        "uvs":0,
        "faces":74,
        "type":"Geometry",
        "vertices":84,
        "normals":67,
        "generator":"io_three"
    },
    "vertices":[1.23285,0.178579,-0.595804,1.23285,2.17858,-0.595804,1.23896,0.178579,-0.568893,1.23896,2.17858,-0.568893,1.23285,1.01583,-0.595804,1.23896,1.01583,-0.568893,1.23896,0.664183,-0.568893,1.23285,0.664183,-0.595804,1.23896,0.891085,-0.568893,1.23285,0.891085,-0.595804,1.23896,0.980662,-0.568893,1.23285,0.980662,-0.595804,1.23896,0.950376,-0.568893,1.23285,0.950376,-0.595804,2.34064,0.178579,-0.847309,2.34064,2.17858,-0.84731,2.34675,0.178579,-0.820398,2.34675,2.17858,-0.820399,2.34064,1.01583,-0.847309,2.34675,1.01583,-0.820398,2.34675,0.664183,-0.820398,2.34064,0.664183,-0.847309,2.34675,0.891085,-0.820398,2.34064,0.891085,-0.847309,2.34675,0.980662,-0.820398,2.34064,0.980662,-0.847309,2.34675,0.950375,-0.820398,2.34064,0.950375,-0.847309,2.21594,0.891085,-0.819,2.22205,0.950375,-0.792089,2.22205,0.980662,-0.792089,2.21594,0.980662,-0.819,2.21594,0.950375,-0.819,2.22205,0.891085,-0.792089,2.21594,0.664183,-0.819,2.22205,0.664183,-0.792089,2.21594,1.01583,-0.819,2.22205,1.01583,-0.792089,2.22205,2.17858,-0.792089,2.21594,0.178579,-0.818999,2.22205,0.178579,-0.792088,2.21594,2.17858,-0.819,2.18454,0.891085,-0.811871,2.19066,0.980662,-0.78496,2.18454,0.950375,-0.811871,2.18454,0.664183,-0.811871,2.19066,1.01583,-0.78496,2.19066,2.17858,-0.784961,2.18454,0.178579,-0.811871,2.18454,2.17858,-0.811872,2.19066,0.950375,-0.78496,2.18454,0.980662,-0.811871,2.19066,0.891085,-0.78496,2.19066,0.664183,-0.78496,2.18454,1.01583,-0.811871,2.19066,0.178579,-0.78496,1.23285,1.33902,-0.595804,1.23896,1.33902,-0.568893,2.34064,1.33902,-0.847309,2.34675,1.33902,-0.820398,2.22205,1.33902,-0.792089,2.21594,1.33902,-0.819,2.19066,1.33902,-0.78496,2.18454,1.33902,-0.811871,2.21594,1.29837,-0.819,2.18454,1.29837,-0.811871,1.23285,1.29837,-0.595804,1.23896,1.29837,-0.568893,2.34064,1.29837,-0.847309,2.34675,1.29837,-0.820398,2.22205,1.29837,-0.792089,2.19066,1.29837,-0.78496,2.19586,1.33902,-0.907474,2.16446,1.33902,-0.900345,2.19586,1.29837,-0.907474,2.16446,1.29837,-0.900345,2.20367,1.29837,-0.873056,2.17227,1.29837,-0.865928,2.17227,1.33902,-0.865928,2.20367,1.33902,-0.873056,2.03301,1.33902,-0.870503,2.03301,1.29837,-0.870503,2.04083,1.29837,-0.836085,2.04083,1.33902,-0.836085],
    "normals":[0.221399,0.975183,-0,-0.221399,-0.975183,0,0.221399,0.975183,-0,-0.221399,-0.975183,-0,0.975184,-0.221396,0,0.975183,-0.2214,0,0.975183,-0.2214,0,0.975183,-0.2214,0,0.975183,-0.2214,-0,0.975183,-0.2214,-0,-0.221399,-0.975183,0,0.221399,0.975183,1e-06,0.221399,0.975183,-0,-0.221399,-0.975183,0,0.221399,0.975183,-0,0,0,-1,0,0,1,-0.221399,-0.975183,0,0.221399,0.975183,-0,-0.221399,-0.975183,0,0.221399,0.975183,-0,-0.221399,-0.975183,-0,0.221399,0.975183,-0,-0.221399,-0.975183,-0,-0.221399,-0.975183,-2e-06,0.221398,0.975183,1e-06,0.221397,0.975184,-0,-0.221399,-0.975183,0,0.221399,0.975183,-0,-0,0,1,-0.221398,-0.975183,0,0.221399,0.975183,-0,-0.221399,-0.975183,0,0.221399,0.975183,-0,-0.221399,-0.975183,-0,0.221399,0.975183,-0,-0.221399,-0.975183,-0,-0.221399,-0.975183,-1e-06,0.221399,0.975183,-0,0.221399,0.975183,-0,-0.221399,-0.975183,0,0.221399,0.975183,-0,0,-0,-1,-0,0,1,-0.221399,-0.975183,0,0.975185,-0.221391,-0,0.221399,0.975183,-0,-0.221399,-0.975183,-0,0.221398,0.975183,-0,0.221399,0.975183,-0,-0.221399,-0.975183,-0,0.221399,0.975183,-0,0.221397,0.975184,-0,0.221399,0.975183,-0,0.975184,-0.221396,0,-0.221399,-0.975183,0,-0.221398,-0.975183,0,-0.221399,-0.975183,0,-0.221401,-0.975183,-0,0.221398,0.975184,-0,0.975183,-0.2214,-0,0,-0,-1,-0.975183,0.221399,-0,0.975183,-0.221398,-0,-0.975185,0.221394,-0,-0,0,-1,-0.221399,-0.975183,-0],
    "uvs":[],
    "name":"Cube.000Geometry",
    "colors":[159744,17670,1003540,937747,92418,22532,92929,0,21764,16777215],
    "faces":[161,33,35,20,22,0,0,0,0,0,0,0,0,161,34,28,23,21,1,1,1,1,0,0,0,0,161,29,33,22,26,2,2,2,2,0,0,0,0,161,28,32,27,23,3,3,3,3,0,0,0,0,161,30,29,26,24,2,2,2,2,0,0,0,0,161,32,31,25,27,3,3,3,3,0,0,0,0,161,58,15,17,59,4,4,4,4,0,0,0,0,161,25,18,19,24,5,5,5,5,0,0,0,0,161,14,21,20,16,6,6,6,6,0,0,0,0,161,21,23,22,20,7,7,7,7,0,0,0,0,161,27,25,24,26,8,8,8,8,0,0,0,0,161,23,27,26,22,9,9,9,9,0,0,0,0,161,31,36,18,25,10,10,10,10,0,0,0,0,161,37,30,24,19,11,11,11,11,0,0,0,0,161,70,37,19,69,12,12,12,12,0,0,0,0,161,39,34,21,14,13,13,13,13,0,0,0,0,161,35,40,16,20,14,14,14,14,0,0,0,0,161,41,38,17,15,15,15,15,15,1,1,1,1,161,40,39,14,16,16,16,16,16,1,1,1,1,161,61,41,15,58,17,17,17,17,0,0,0,0,161,52,53,35,33,18,18,18,18,0,0,0,0,161,45,42,28,34,19,19,19,19,0,0,0,0,161,50,52,33,29,20,20,20,20,0,0,0,0,161,42,44,32,28,21,21,21,21,0,0,0,0,161,43,50,29,30,22,22,22,22,0,0,0,0,161,44,51,31,32,23,23,23,23,0,0,0,0,161,51,54,36,31,24,24,24,24,0,0,0,0,161,46,43,30,37,25,25,25,25,0,0,0,0,161,71,46,37,70,26,26,26,26,0,0,0,0,161,48,45,34,39,27,27,27,27,0,0,0,0,161,53,55,40,35,28,28,28,28,0,0,0,0,161,49,47,38,41,15,15,15,15,1,1,1,1,161,55,48,39,40,29,29,29,29,1,1,1,1,161,63,49,41,61,30,30,30,30,0,0,0,0,161,8,6,53,52,31,31,31,31,0,0,0,0,161,7,9,42,45,32,32,32,32,0,0,0,0,161,12,8,52,50,33,33,33,33,0,0,0,0,161,9,13,44,42,34,34,34,34,0,0,0,0,161,10,12,50,43,35,35,35,35,0,0,0,0,161,13,11,51,44,36,36,36,36,0,0,0,0,161,11,4,54,51,37,37,37,37,0,0,0,0,161,5,10,43,46,38,38,38,38,0,0,0,0,161,67,5,46,71,39,39,39,39,0,0,0,0,161,0,7,45,48,40,40,40,40,0,0,0,0,161,6,2,55,53,41,41,41,41,0,0,0,0,161,1,3,47,49,42,42,42,42,1,1,1,1,161,2,0,48,55,43,43,43,43,2,3,1,1,161,56,1,49,63,44,44,44,44,0,0,0,0,161,68,58,59,69,45,45,45,45,0,0,0,0,161,38,60,59,17,46,46,46,46,4,0,0,5,161,64,61,58,68,47,47,47,47,0,0,0,0,161,47,62,60,38,48,48,48,48,6,0,0,4,161,76,77,75,74,16,16,16,16,7,7,7,7,161,3,57,62,47,49,49,49,49,8,0,0,6,161,66,56,63,65,50,50,50,50,0,0,0,0,161,60,70,69,59,51,51,51,51,0,0,0,0,161,62,71,70,60,52,52,52,52,0,0,0,0,161,57,67,71,62,53,53,53,53,0,0,0,0,161,18,68,69,19,54,54,54,54,0,0,0,0,161,36,64,68,18,55,55,55,55,0,0,0,0,161,54,65,64,36,56,56,56,56,0,0,0,0,161,4,66,65,54,57,57,57,57,0,0,0,0,161,75,73,72,74,58,58,58,58,7,7,7,7,161,77,78,83,82,59,59,59,59,9,9,9,9,161,79,76,74,72,60,60,60,60,7,7,7,7,161,78,79,72,73,61,61,61,61,7,7,7,7,161,64,65,77,76,16,16,16,16,7,7,7,7,161,65,63,78,77,62,62,62,62,1,1,1,1,161,61,64,76,79,63,63,63,63,7,7,7,7,161,63,61,79,78,61,61,61,61,7,7,7,7,161,82,83,80,81,64,64,64,64,7,7,7,7,161,78,73,80,83,65,65,65,65,7,7,7,7,161,75,77,82,81,16,16,16,16,7,7,7,7,161,73,75,81,80,66,66,66,66,7,7,7,7]
}