{
    "metadata":{
        "vertices":84,
        "version":3,
        "type":"Geometry",
        "uvs":0,
        "faces":74,
        "normals":67,
        "generator":"io_three"
    },
    "name":"CubeGeometry",
    "uvs":[],
    "faces":[33,33,35,20,22,0,0,0,0,33,34,28,23,21,1,1,1,1,33,29,33,22,26,2,2,2,2,33,28,32,27,23,3,3,3,3,33,30,29,26,24,4,4,4,4,33,32,31,25,27,5,5,5,5,33,58,15,17,59,6,6,6,6,33,25,18,19,24,7,7,7,7,33,14,21,20,16,8,8,8,8,33,21,23,22,20,9,9,9,9,33,27,25,24,26,10,10,10,10,33,23,27,26,22,11,11,11,11,33,31,36,18,25,12,12,12,12,33,37,30,24,19,2,2,2,2,33,70,37,19,69,13,13,13,13,33,39,34,21,14,14,14,14,14,33,35,40,16,20,15,15,15,15,33,41,38,17,15,16,16,16,16,33,40,39,14,16,17,17,17,17,33,61,41,15,58,18,18,18,18,33,52,53,35,33,19,19,19,19,33,45,42,28,34,20,20,20,20,33,50,52,33,29,21,21,21,21,33,42,44,32,28,22,22,22,22,33,43,50,29,30,23,23,23,23,33,44,51,31,32,22,22,22,22,33,51,54,36,31,24,24,24,24,33,46,43,30,37,25,25,25,25,33,71,46,37,70,26,26,26,26,33,48,45,34,39,27,27,27,27,33,53,55,40,35,28,28,28,28,33,49,47,38,41,16,16,16,16,33,55,48,39,40,29,29,29,29,33,63,49,41,61,30,30,30,30,33,8,6,53,52,31,31,31,31,33,7,9,42,45,32,32,32,32,33,12,8,52,50,33,33,33,33,33,9,13,44,42,34,34,34,34,33,10,12,50,43,35,35,35,35,33,13,11,51,44,36,36,36,36,33,11,4,54,51,36,36,36,36,33,5,10,43,46,37,37,37,37,33,67,5,46,71,38,38,38,38,33,0,7,45,48,39,39,39,39,33,6,2,55,53,40,40,40,40,33,1,3,47,49,41,41,41,41,33,2,0,48,55,42,42,42,42,33,56,1,49,63,43,43,43,43,33,68,58,59,69,44,44,44,44,33,38,60,59,17,45,45,45,45,33,64,61,58,68,46,46,46,46,33,47,62,60,38,47,47,47,47,33,76,77,75,74,48,48,48,48,33,3,57,62,47,49,49,49,49,33,66,56,63,65,50,50,50,50,33,60,70,69,59,33,33,33,33,33,62,71,70,60,51,51,51,51,33,57,67,71,62,52,52,52,52,33,18,68,69,19,53,53,53,53,33,36,64,68,18,54,54,54,54,33,54,65,64,36,55,55,55,55,33,4,66,65,54,56,56,56,56,33,75,73,72,74,57,57,57,57,33,77,78,83,82,58,58,58,58,33,79,76,74,72,59,59,59,59,33,78,79,72,73,60,60,60,60,33,64,65,77,76,61,61,61,61,33,65,63,78,77,62,62,62,62,33,61,64,76,79,63,63,63,63,33,63,61,79,78,64,64,64,64,33,82,83,80,81,65,65,65,65,33,78,73,80,83,16,16,16,16,33,75,77,82,81,17,17,17,17,33,73,75,81,80,66,66,66,66],
    "normals":[0.324567,0.945863,-1e-06,-0.324568,-0.945862,1e-06,0.324567,0.945863,-0,-0.324568,-0.945862,-0,0.324567,0.945863,-0,-0.324568,-0.945862,-0,0.945864,-0.324563,0,0.945863,-0.324567,3e-06,0.945862,-0.324569,0,0.945862,-0.32457,0,0.945862,-0.324571,-0,0.945862,-0.32457,-0,-0.324568,-0.945862,-1e-06,0.324567,0.945863,0,-0.324568,-0.945862,0,0.324567,0.945863,-0,0,0,-1,0,0,1,-0.324567,-0.945863,0,0.324568,0.945862,-0,-0.324565,-0.945863,0,0.32457,0.945862,-0,-0.324567,-0.945863,-0,0.32457,0.945862,-0,-0.324567,-0.945863,-0,0.324571,0.945862,1e-06,0.32457,0.945862,0,-0.324565,-0.945863,0,0.324568,0.945862,-0,-0,0,1,-0.324568,-0.945862,0,0.324567,0.945863,-0,-0.324567,-0.945863,0,0.324567,0.945863,-0,-0.324567,-0.945863,-0,0.324567,0.945863,-0,-0.324567,-0.945863,-0,0.324567,0.945863,1e-06,0.324567,0.945863,-0,-0.324567,-0.945863,0,0.324567,0.945863,-0,0,-0,-1,-0,0,1,-0.324567,-0.945863,0,0.945864,-0.324563,-0,0.324567,0.945863,-0,-0.324567,-0.945863,-0,0.324569,0.945862,-0,-1e-06,0,1,0.324567,0.945863,-0,-0.324567,-0.945863,-0,0.324569,0.945862,-0,0.324567,0.945863,-0,0.945864,-0.324563,-0,-0.324567,-0.945863,-0,-0.324567,-0.945863,-0,-0.324567,-0.945863,0,-0.324572,-0.945861,-0,0.324568,0.945863,-0,0.945861,-0.324571,-0,1e-06,-0,-1,-1e-06,0,1,-0.945863,0.324565,-0,0.945863,-0.324566,-0,1e-06,-0,-1,-0.945863,0.324565,-0,-0.324568,-0.945862,-0],
    "vertices":[-0.100091,-0.996148,0.268248,-0.100091,1.00385,0.268248,-0.091134,-0.996148,0.29435,-0.091134,1.00385,0.294349,-0.100091,-0.1589,0.268248,-0.091134,-0.1589,0.29435,-0.091134,-0.510544,0.29435,-0.100091,-0.510544,0.268248,-0.091134,-0.283641,0.29435,-0.100091,-0.283641,0.268248,-0.091134,-0.194064,0.29435,-0.100091,-0.194064,0.268248,-0.091134,-0.224351,0.29435,-0.100091,-0.224351,0.268248,0.974392,-0.996148,-0.100455,0.974393,1.00385,-0.100455,0.983349,-0.996148,-0.074353,0.983349,1.00385,-0.074354,0.974393,-0.1589,-0.100455,0.983349,-0.1589,-0.074353,0.983349,-0.510544,-0.074353,0.974392,-0.510544,-0.100455,0.983349,-0.283642,-0.074353,0.974392,-0.283642,-0.100455,0.983349,-0.194065,-0.074353,0.974392,-0.194065,-0.100455,0.983349,-0.224351,-0.074353,0.974392,-0.224351,-0.100455,0.853447,-0.283642,-0.058954,0.862404,-0.224351,-0.032852,0.862404,-0.194065,-0.032852,0.853447,-0.194065,-0.058954,0.853447,-0.224351,-0.058954,0.862404,-0.283642,-0.032852,0.853447,-0.510544,-0.058953,0.862404,-0.510544,-0.032852,0.853447,-0.1589,-0.058954,0.862404,-0.1589,-0.032852,0.862404,1.00385,-0.032852,0.853447,-0.996148,-0.058953,0.862404,-0.996148,-0.032852,0.853448,1.00385,-0.058954,0.822994,-0.283642,-0.048504,0.83195,-0.194065,-0.022402,0.822994,-0.224351,-0.048504,0.822994,-0.510544,-0.048504,0.831951,-0.1589,-0.022402,0.831951,1.00385,-0.022402,0.822994,-0.996148,-0.048503,0.822994,1.00385,-0.048504,0.83195,-0.224351,-0.022402,0.822994,-0.194065,-0.048504,0.83195,-0.283642,-0.022402,0.831951,-0.510544,-0.022402,0.822994,-0.1589,-0.048504,0.83195,-0.996148,-0.022401,-0.100091,0.164296,0.268248,-0.091134,0.164296,0.294349,0.974393,0.164296,-0.100455,0.983349,0.164296,-0.074353,0.862404,0.164296,-0.032852,0.853447,0.164296,-0.058954,0.831951,0.164296,-0.022402,0.822994,0.164296,-0.048504,0.853447,0.123644,-0.058954,0.822994,0.123644,-0.048504,-0.100091,0.123645,0.268248,-0.091134,0.123645,0.294349,0.974393,0.123644,-0.100455,0.983349,0.123644,-0.074353,0.862404,0.123644,-0.032852,0.831951,0.123644,-0.022402,0.824001,0.164296,-0.144767,0.793547,0.164296,-0.134317,0.824001,0.123644,-0.144767,0.793547,0.123644,-0.134317,0.835456,0.123644,-0.111385,0.805002,0.123644,-0.100935,0.805002,0.164296,-0.100935,0.835456,0.164296,-0.111385,0.666054,0.164296,-0.090569,0.666054,0.123644,-0.090569,0.677509,0.123644,-0.057186,0.677509,0.164296,-0.057186]
}