{
    "materials":[{
        "colorEmissive":[0,0,0],
        "colorSpecular":[0.635338,0.635338,0.635338],
        "colorDiffuse":[0.32087,0.32087,0.32087],
        "transparent":false,
        "DbgIndex":0,
        "wireframe":false,
        "depthTest":true,
        "DbgColor":15658734,
        "specularCoef":50,
        "opacity":1,
        "depthWrite":true,
        "blending":"NormalBlending",
        "shading":"phong",
        "DbgName":"Material.003",
        "visible":true
    },{
        "colorEmissive":[0,0,0],
        "colorSpecular":[0.699248,0.699248,0.699248],
        "colorDiffuse":[0.32087,0.32087,0.32087],
        "transparent":false,
        "DbgIndex":1,
        "wireframe":false,
        "depthTest":true,
        "DbgColor":15597568,
        "specularCoef":50,
        "opacity":1,
        "depthWrite":true,
        "blending":"NormalBlending",
        "shading":"phong",
        "DbgName":"Material.004",
        "visible":true
    },{
        "colorEmissive":[0,0,0],
        "colorDiffuse":[0.0355636,0.0355636,0.0355636],
        "transparent":false,
        "DbgIndex":2,
        "wireframe":false,
        "depthTest":true,
        "DbgColor":60928,
        "opacity":1,
        "depthWrite":true,
        "blending":"NormalBlending",
        "shading":"lambert",
        "DbgName":"Material.001",
        "visible":true
    },{
        "colorEmissive":[0,0,0],
        "colorDiffuse":[0,2.1329e-08,0.366024],
        "transparent":false,
        "DbgIndex":3,
        "wireframe":false,
        "depthTest":true,
        "DbgColor":238,
        "opacity":1,
        "depthWrite":true,
        "blending":"NormalBlending",
        "shading":"lambert",
        "DbgName":"Material.002",
        "visible":true
    }],
    "uvs":[],
    "vertices":[0.0232333,-0.014582,-0.0604972,0.020842,-0.0178861,-0.0604972,0.0232333,-0.014582,-0.110367,0.020842,-0.0178861,-0.110367,-0.0171658,0.0146562,-0.0604972,-0.019557,0.0113521,-0.0604972,-0.0171658,0.0146562,-0.110367,-0.019557,0.0113521,-0.110367,0.0119566,-0.0114554,-0.110367,0.0143479,-0.00815132,-0.110367,-0.0129612,0.00657847,-0.110367,-0.0105699,0.00988255,-0.110367,0.0120261,-0.0115057,-0.135674,0.0144174,-0.0082016,-0.135674,-0.0129612,0.00657846,-0.136375,-0.0105699,0.00988255,-0.136375,0.00451655,-0.00607076,-0.146754,0.00690782,-0.00276668,-0.146754,-0.0129612,0.00657846,-0.146754,-0.0105699,0.00988255,-0.146754,0.0107816,-0.010605,-0.155447,0.0131729,-0.00730094,-0.155447,-0.0129612,0.00657846,-0.155447,-0.0105699,0.00988255,-0.155447,0.00346255,-0.00530795,-0.164542,0.00585382,-0.00200386,-0.164542,-0.0129612,0.00657846,-0.165816,-0.0105699,0.00988255,-0.165816,0.0141377,-0.0129599,-0.171062,0.016529,-0.00965585,-0.171062,-0.0129612,0.00657846,-0.173619,-0.0105699,0.00988255,-0.173619,0.00397583,-0.00580426,-0.181153,0.00636711,-0.00250018,-0.181153,-0.0129612,0.00657846,-0.180511,-0.0105699,0.00988255,-0.180511,0.00980006,-0.00989461,-0.191554,0.0121913,-0.00659053,-0.191554,-0.0127725,0.00644191,-0.191554,-0.0103812,0.009746,-0.191554,-0.00141625,-0.001777,-0.205298,0.000975024,0.00152709,-0.205298,-0.00384523,-1.90626e-05,-0.205298,-0.00145396,0.00328502,-0.205298,2.01036e-08,0.0166974,-0.042724,-0.00289205,0.0116882,-0.042724,0.00289209,0.0116882,-0.042724,2.01036e-08,0.00834869,-0.0282636,-0.00289205,0.00584409,-0.0326017,0.00289209,0.00584409,-0.0326017,2.14726e-08,-0.00834869,-0.0282636,-0.00289205,-0.00584408,-0.0326017,0.00289209,-0.00584408,-0.0326017,2.28417e-08,-0.0166974,-0.042724,-0.00289205,-0.0116882,-0.042724,0.00289209,-0.0116882,-0.042724,2.14726e-08,-0.0083487,-0.0571844,-0.00289205,-0.00584409,-0.0528462,0.00289209,-0.00584408,-0.0528462,2.01036e-08,0.00834869,-0.0571844,-0.00289205,0.00584409,-0.0528462,0.00289209,0.00584409,-0.0528462,0.0166974,1.19195e-09,-0.057956,0.0116882,0.00289207,-0.057956,0.0116882,-0.00289207,-0.057956,0.00834871,8.92713e-10,-0.0434956,0.00584411,0.00289207,-0.0478338,0.00584411,-0.00289207,-0.0478338,-0.00834867,-1.90125e-09,-0.0434956,-0.00584406,0.00289207,-0.0478338,-0.00584406,-0.00289207,-0.0478338,-0.0166974,-4.39598e-09,-0.057956,-0.0116882,0.00289207,-0.057956,-0.0116882,-0.00289207,-0.057956,-0.00834867,-3.16542e-09,-0.0724164,-0.00584406,0.00289207,-0.0680783,-0.00584406,-0.00289207,-0.0680783,0.00834871,-3.71453e-10,-0.0724164,0.00584411,0.00289207,-0.0680783,0.00584411,-0.00289207,-0.0680783,3.19519e-08,-0.00809578,-0.0327662,3.23751e-08,0.00800681,-0.0184216,0.0192595,-0.00809578,-0.0265084,0.010828,0.00800681,-0.0149034,0.0311625,-0.00809578,-0.0101253,0.01752,0.00800681,-0.00569261,0.0311625,-0.00809578,0.0101253,0.01752,0.00800681,0.00569257,0.0192595,-0.00809578,0.0265084,0.010828,0.00800681,0.0149034,2.90874e-08,-0.00809578,0.0327661,3.07647e-08,0.00800681,0.0184216,-0.0192594,-0.00809578,0.0265084,-0.0108279,0.00800681,0.0149034,-0.0311624,-0.00809578,0.0101253,-0.01752,0.00800681,0.00569257,-0.0311624,-0.00809578,-0.0101253,-0.01752,0.00800681,-0.00569261,-0.0192594,-0.00809578,-0.0265084,-0.0108279,0.00800681,-0.0149034,3.15819e-08,-1.91363e-09,-0.0437788,0.0257325,-1.54816e-09,-0.0354178,0.0416361,-5.91345e-10,-0.0135284,0.0416361,5.91343e-10,0.0135284,0.0257325,1.54816e-09,0.0354177,2.77546e-08,1.91363e-09,0.0437787,-0.0257325,1.54816e-09,0.0354177,-0.041636,5.91344e-10,0.0135284,-0.041636,-5.91345e-10,-0.0135284,-0.0257325,-1.54816e-09,-0.0354178,3.19303e-08,0.00562027,-0.0313069,0.0184017,0.00562027,-0.0253278,0.0297746,0.00562028,-0.00967436,0.0297746,0.00562028,0.00967432,0.0184017,0.00562028,0.0253277,2.91934e-08,0.00562028,0.0313068,-0.0184017,0.00562028,0.0253277,-0.0297745,0.00562028,0.00967433,-0.0297745,0.00562028,-0.00967437,-0.0184017,0.00562027,-0.0253278],
    "name":"Cube.001Geometry",
    "faces":[3,2,0,1,3,0,3,6,2,9,11,0,3,7,5,4,6,0,3,0,4,5,1,0,3,0,2,6,4,0,3,5,7,3,1,0,3,10,11,15,14,0,3,3,7,10,8,0,3,2,3,8,9,0,3,7,6,11,10,0,3,15,13,17,19,0,3,9,8,12,13,0,3,11,9,13,15,0,3,8,10,14,12,0,3,18,19,23,22,0,3,12,14,18,16,0,3,14,15,19,18,0,3,13,12,16,17,0,3,21,20,24,25,0,3,17,16,20,21,0,3,19,17,21,23,0,3,16,18,22,20,0,3,27,25,29,31,0,3,23,21,25,27,0,3,20,22,26,24,0,3,22,23,27,26,0,3,30,31,35,34,0,3,24,26,30,28,0,3,26,27,31,30,0,3,25,24,28,29,0,3,34,35,39,38,0,3,29,28,32,33,0,3,31,29,33,35,0,3,28,30,34,32,0,3,39,37,41,43,0,3,33,32,36,37,0,3,35,33,37,39,0,3,32,34,38,36,0,3,40,42,43,41,0,3,36,38,42,40,0,3,38,39,43,42,0,3,37,36,40,41,0,3,44,47,48,45,1,3,45,48,49,46,1,3,44,46,49,47,1,3,47,50,51,48,1,3,48,51,52,49,1,3,49,52,50,47,1,3,50,53,54,51,1,3,51,54,55,52,1,3,52,55,53,50,1,3,53,56,57,54,1,3,54,57,58,55,1,3,55,58,56,53,1,3,56,59,60,57,1,3,57,60,61,58,1,3,58,61,59,56,1,3,59,44,45,60,1,3,60,45,46,61,1,3,61,46,44,59,1,3,62,65,66,63,1,3,63,66,67,64,1,3,62,64,67,65,1,3,65,68,69,66,1,3,66,69,70,67,1,3,67,70,68,65,1,3,68,71,72,69,1,3,69,72,73,70,1,3,70,73,71,68,1,3,71,74,75,72,1,3,72,75,76,73,1,3,73,76,74,71,1,3,74,77,78,75,1,3,75,78,79,76,1,3,76,79,77,74,1,3,77,62,63,78,1,3,78,63,64,79,1,3,79,64,62,77,1,3,110,81,83,111,2,3,111,83,85,112,2,3,112,85,87,113,2,3,113,87,89,114,2,3,114,89,91,115,2,3,115,91,93,116,2,3,116,93,95,117,2,3,117,95,97,118,2,2,85,83,81,3,2,81,99,97,3,2,97,95,93,3,2,93,91,89,3,2,89,87,85,3,2,85,81,97,3,2,97,93,89,3,2,97,89,85,3,3,118,97,99,119,2,3,119,99,81,110,2,2,98,80,82,2,2,82,84,86,2,2,86,88,90,2,2,90,92,94,2,2,94,96,98,2,2,98,82,86,2,2,86,90,94,2,2,86,94,98,2,3,98,109,100,80,2,3,96,108,109,98,2,3,94,107,108,96,2,3,92,106,107,94,2,3,90,105,106,92,2,3,88,104,105,90,2,3,86,103,104,88,2,3,84,102,103,86,2,3,82,101,102,84,2,3,80,100,101,82,2,3,109,119,110,100,2,3,108,118,119,109,2,3,107,117,118,108,2,3,106,116,117,107,2,3,105,115,116,106,2,3,104,114,115,105,2,3,103,113,114,104,2,3,102,112,113,103,2,3,101,111,112,102,2,3,100,110,111,101,2],
    "metadata":{
        "materials":4,
        "faces":124,
        "vertices":120,
        "uvs":0,
        "version":3,
        "generator":"io_three",
        "type":"Geometry"
    }
}