{
    "metadata":{
        "version":3,
        "generator":"io_three",
        "type":"Geometry",
        "normals":34,
        "vertices":39,
        "uvs":0,
        "faces":48
    },
    "normals":[0,-1,-0,0,-0,-1,-0,-0.382689,0.923877,1.1e-05,-0.382692,-0.923876,0,0.382692,-0.923876,0,0.382692,0.923876,-1.1e-05,0.382689,0.923877,1,-4e-06,1e-05,1,-1e-05,4e-06,1,0,0,0,0,-1,0,1,-0,-0,0,1,0,-1,-0,1,-4e-06,-0,0,1,0,-1.1e-05,-0.382692,0.923876,0,-0.92388,0.382683,-0,-0.92388,0.382683,0,-0.92388,-0.382683,0,-0.382689,-0.923877,1.1e-05,0.382689,-0.923877,-0,0.92388,-0.382683,0,0.92388,-0.382683,1,-1e-05,1e-05,1,0,0,1,-0,-0,1,-1e-05,1e-05,-1,0,-0,-1,1e-05,-1e-05,-1,4e-06,-1e-05,-1.9e-05,-1,-0,0,0,1,1,-4e-06,-0],
    "vertices":[3.6353,-0.249387,19.2481,-0.049111,1.33337,-1.28158,-0.049105,-1.16663,0.318421,-0.049111,-1.16663,-1.28158,-0.049105,1.33337,0.318421,-0.119111,1.33337,-1.28158,-0.119111,-1.16663,-1.28158,-0.119105,-1.16663,0.318421,-0.119105,1.33337,0.318421,-0.007106,-0.142632,0.158421,-0.017106,-0.142632,0.158421,-0.007106,-0.127987,0.123067,-0.017106,-0.127987,0.123067,-0.007106,-0.092632,0.108422,-0.017106,-0.092632,0.108422,-0.007105,-0.057276,0.123067,-0.017106,-0.057276,0.123067,-0.007105,-0.042632,0.158421,-0.017105,-0.042632,0.158421,-0.007105,-0.057276,0.193776,-0.017105,-0.057276,0.193776,-0.007105,-0.092632,0.20842,-0.017105,-0.092632,0.20842,-0.007105,-0.127987,0.193776,-0.017106,-0.127987,0.193776,-0.007105,-0.092632,0.158421,-0.017106,-0.092632,0.158421,-0.009105,0.108368,0.133422,0.090895,0.058368,0.13342,-0.009105,0.058368,0.133422,0.090895,0.108368,0.13342,0.140895,0.108368,0.183421,-0.009105,0.108368,0.183421,0.140895,0.058368,0.183421,-0.009105,0.058368,0.183421,0.090894,0.108368,-0.066579,0.140894,0.108368,-0.066579,0.140894,0.058368,-0.066579,0.090894,0.058368,-0.066579],
    "uvs":[],
    "faces":[32,5,1,3,0,0,0,32,8,1,5,1,1,1,32,10,12,11,2,2,2,32,16,18,17,3,3,3,32,18,20,19,4,4,4,32,23,24,9,5,5,5,32,24,10,9,6,6,6,32,9,11,25,7,7,7,32,11,13,25,8,8,8,32,17,19,25,9,9,9,32,27,32,31,10,10,10,32,32,33,31,11,11,11,32,34,28,33,12,12,12,32,35,36,37,13,13,13,32,1,2,3,14,14,14,32,1,4,2,14,14,14,32,5,3,6,0,0,0,32,4,7,2,15,15,15,32,4,8,7,11,11,11,32,8,4,1,1,1,1,32,9,10,11,16,16,16,32,11,12,13,17,17,17,32,12,14,13,18,18,18,32,14,16,15,19,19,19,32,15,16,17,20,20,20,32,17,18,19,21,21,21,32,19,20,21,22,22,22,32,20,22,21,23,23,23,32,13,15,25,24,24,24,32,15,17,25,25,25,25,32,19,21,25,25,25,25,32,21,23,25,26,26,26,32,23,9,25,27,27,27,32,16,14,26,28,28,28,32,18,16,26,29,29,29,32,20,18,26,30,30,30,32,27,28,29,31,31,31,32,27,30,28,31,31,31,32,27,31,30,1,1,1,32,32,34,33,15,15,15,32,34,29,28,32,32,32,32,35,31,36,1,1,1,32,35,30,31,10,10,10,32,36,33,37,33,33,33,32,36,31,33,33,33,33,32,28,37,33,12,12,12,32,28,38,37,32,32,32,32,35,37,38,13,13,13],
    "name":"WingGeometry"
}