{
    "vertices":[-0.167802,0.000359532,0.0925508,-0.167802,0.126533,0.0925508,-0.167802,0.000359524,-0.0925508,-0.167802,0.126533,-0.0925508,0.167802,0.000359532,0.0925508,0.167802,0.126533,0.0925508,0.167802,0.000359524,-0.0925508,0.167802,0.126533,-0.0925508],
    "metadata":{
        "vertices":8,
        "generator":"io_three",
        "uvs":1,
        "materials":1,
        "type":"Geometry",
        "version":3,
        "faces":6
    },
    "faces":[11,2,0,1,3,0,2,3,0,1,11,3,7,6,2,0,1,4,5,2,11,7,5,4,6,0,4,6,7,5,11,0,4,5,1,0,10,11,8,9,11,0,2,6,4,0,10,2,5,11,11,5,7,3,1,0,12,4,1,13],
    "materials":[{
        "mapDiffuse":"sponge_tex.jpg",
        "colorSpecular":[0.5,0.5,0.5],
        "wireframe":false,
        "DbgColor":15658734,
        "visible":true,
        "transparent":false,
        "mapDiffuseWrap":["RepeatWrapping","RepeatWrapping"],
        "depthTest":true,
        "DbgName":"Material",
        "DbgIndex":0,
        "specularCoef":50,
        "shading":"phong",
        "colorDiffuse":[0.64,0.64,0.64],
        "mapDiffuseRepeat":[1,1],
        "mapDiffuseAnisotropy":1,
        "colorEmissive":[0,0,0],
        "blending":"NormalBlending",
        "depthWrite":true,
        "opacity":1
    }],
    "uvs":[[9.38994e-05,0.2623,0.2623,0.2623,0.2623,0.441031,9.38994e-05,0.441031,0.7377,0.2623,0.7377,0.441031,0.999906,0.2623,0.999906,0.441031,0.7377,0.881968,0.2623,0.881968,0.2623,0.703237,0.7377,0.703237,0.7377,9.38994e-05,0.2623,9.39605e-05]],
    "name":"Cube.001Geometry"
}