{
    "vertices":[0.096,-0.12,-0.012,0.096,-0.12,0.012,-0.096,-0.12,0.012,-0.096,-0.12,-0.012,0.096,0.12,-0.012,0.0959999,0.12,0.012,-0.096,0.12,0.012,-0.096,0.12,-0.012,-0.096,0.12,-0.012,0.096,0.12,-0.012,-0.096,-0.12,-0.012,0.096,-0.12,-0.012],
    "metadata":{
        "vertices":12,
        "materials":2,
        "faces":6,
        "type":"Geometry",
        "version":3,
        "uvs":1,
        "generator":"io_three"
    },
    "name":"CubeGeometry",
    "materials":[{
        "specularCoef":50,
        "shading":"phong",
        "depthWrite":true,
        "colorDiffuse":[0.106291,0.106291,0.106291],
        "visible":true,
        "transparent":false,
        "blending":"NormalBlending",
        "depthTest":true,
        "DbgIndex":0,
        "DbgColor":15658734,
        "colorSpecular":[0.2,0.2,0.2],
        "opacity":1,
        "wireframe":false,
        "DbgName":"Material",
        "colorEmissive":[0,0,0]
    },{
        "specularCoef":50,
        "shading":"phong",
        "depthWrite":true,
        "colorDiffuse":[0.64,0.64,0.64],
        "mapDiffuseRepeat":[1,1],
        "visible":true,
        "transparent":false,
        "blending":"NormalBlending",
        "depthTest":true,
        "mapDiffuse":"pinPad.png",
        "mapDiffuseWrap":["RepeatWrapping","RepeatWrapping"],
        "mapDiffuseAnisotropy":1,
        "DbgIndex":1,
        "DbgColor":15597568,
        "colorSpecular":[0.5,0.5,0.5],
        "opacity":1,
        "wireframe":false,
        "DbgName":"Material.001",
        "colorEmissive":[0,0,0]
    }],
    "faces":[11,0,1,2,3,0,0,0,0,0,11,4,7,6,5,0,0,0,0,0,11,0,4,5,1,0,0,0,0,0,11,1,5,6,2,0,0,0,0,0,11,2,6,7,3,0,0,0,0,0,11,10,8,9,11,1,1,2,3,4],
    "uvs":[[0,0,1.00369,-0.00309405,1.00369,0.996289,0.00484312,0.996289,0.00484264,-0.00309382]]
}