{
    "normals":[0.817051,0.114537,0.565074,-0.830664,-0.405665,-0.381357,0.972451,0.187436,-0.138591,0.853344,0.293493,-0.43089,0.659802,0.101981,0.744487,0.945489,0.325527,0.009081,0.773311,0.621618,-0.124824,-0.405208,-0.21395,0.888838,0.230065,0.808785,0.541237,0.246604,0.559537,-0.791268,0.989502,0.014114,0.143829,0.317793,-0.890659,0.325169,-0.711437,0.002427,-0.702745,0.08511,-0.527679,0.84517,0.677211,-0.440008,0.589727,0.355317,-0.262251,-0.897204,0.375423,0.218314,-0.900776,0.382389,-0.587632,0.713069,0.434249,0.712691,-0.550907,0.678663,0.320226,-0.660963,0.887112,0.097253,-0.451192,-0.8115,-0.287751,-0.508593,0.865882,0.180851,0.466413,0.792713,0.601064,0.101631,-0.887152,-0.291364,-0.357866,0.607012,0.371037,0.702757,-0.090292,0.943319,-0.319368,-0.697353,-0.572918,-0.430656,-0.494432,-0.706459,0.506412,0.05668,-0.619494,-0.782952,-0.870144,-0.288093,0.399815,0.893579,-0.355412,-0.274223,0.412435,-0.572032,-0.708997,0.356546,-0.672937,-0.648098,-0.376763,0.661356,0.648582,-0.491814,-0.285614,-0.822522,0.979321,-0.195623,-0.051585,-0.751774,0.578715,-0.31611,-0.295907,-0.401994,0.86651,-0.744738,0.502964,0.438626,-0.984762,-0.080447,-0.154179,-0.293238,0.537231,-0.790819,-0.050372,0.646389,0.761344,0.441179,-0.717198,-0.539434,0.847056,-0.434583,0.305995,-0.87263,-0.487757,0.024691,0.879282,0.404099,-0.252126,0.97126,-0.216091,-0.099791,-0.852411,0.09834,0.513541,0.443475,-0.5915,-0.673393,0.388395,0.2624,-0.883343,-0.658762,-0.418926,0.624927,0.645088,0.44304,-0.622557,0.554256,-0.410585,-0.724031,-0.603943,0.383106,0.698915,0.546566,0.322737,-0.772727,-0.809727,0.586806,-0.001073,-0.364445,0.162149,-0.916999,0.291386,-0.537758,0.791145,-0.717646,0.577777,0.38879,-0.614962,-0.231222,-0.753895,0.148844,-0.903629,-0.401623,-0.644139,0.165921,0.746697,0.157827,0.311506,-0.937046,-0.515537,-0.494311,0.699913,0.649943,0.599573,-0.466996,-0.793039,-0.17721,0.582826,-0.620982,-0.310754,0.719592,-0.307617,0.645922,0.698682,0.370069,0.225738,-0.901161,-0.565034,-0.218894,0.795501,0.997889,0.041276,0.050131,-0.41181,0.49488,-0.765184,0.071259,-0.110382,0.991331,-0.544429,-0.803749,0.239968,0.645091,0.043358,0.762874,0.665966,0.744071,0.053359,-0.463295,-0.262017,0.846584,0.415593,0.585213,-0.696282,-0.433443,-0.57578,0.693256],
    "faces":[40,0,13,12,0,1,2,0,0,0,40,1,13,15,0,1,2,1,1,1,40,0,12,17,0,1,2,2,2,2,40,0,17,19,0,1,2,3,3,3,40,0,19,16,0,1,2,4,4,4,40,1,15,22,0,1,2,5,5,5,40,2,14,24,0,1,2,6,6,6,40,3,18,26,0,1,2,7,7,7,40,4,20,28,0,1,2,8,8,8,40,5,21,30,0,1,2,9,9,9,40,1,22,25,0,1,2,10,10,10,40,2,24,27,0,1,2,11,11,11,40,3,26,29,0,1,2,12,12,12,40,4,28,31,0,1,2,13,13,13,40,5,30,23,0,1,2,14,14,14,40,6,32,37,0,1,2,15,15,15,40,7,33,39,0,1,2,16,16,16,40,8,34,40,0,1,2,17,17,17,40,9,35,41,0,1,2,18,18,18,40,10,36,38,0,1,2,19,19,19,40,12,14,2,0,1,2,20,20,20,40,12,13,14,0,1,2,21,21,21,40,13,1,14,0,1,2,22,22,22,40,15,16,5,0,1,2,23,23,23,40,15,13,16,0,1,2,24,24,24,40,13,0,16,0,1,2,25,25,25,40,17,18,3,0,1,2,26,26,26,40,17,12,18,0,1,2,27,27,27,40,12,2,18,0,1,2,28,28,28,40,19,20,4,0,1,2,29,29,29,40,19,17,20,0,1,2,30,30,30,40,17,3,20,0,1,2,31,31,31,40,16,21,5,0,1,2,32,32,32,40,16,19,21,0,1,2,33,33,33,40,19,4,21,0,1,2,34,34,34,40,22,23,10,0,1,2,35,35,35,40,22,15,23,0,1,2,36,36,36,40,15,5,23,0,1,2,37,37,37,40,24,25,6,0,1,2,38,38,38,40,24,14,25,0,1,2,39,39,39,40,14,1,25,0,1,2,40,40,40,40,26,27,7,0,1,2,41,41,41,40,26,18,27,0,1,2,42,42,42,40,18,2,27,0,1,2,43,43,43,40,28,29,8,0,1,2,44,44,44,40,28,20,29,0,1,2,45,45,45,40,20,3,29,0,1,2,46,46,46,40,30,31,9,0,1,2,47,47,47,40,30,21,31,0,1,2,48,48,48,40,21,4,31,0,1,2,49,49,49,40,25,32,6,0,1,2,50,50,50,40,25,22,32,0,1,2,51,51,51,40,22,10,32,0,1,2,52,52,52,40,27,33,7,0,1,2,53,53,53,40,27,24,33,0,1,2,54,54,54,40,24,6,33,0,1,2,55,55,55,40,29,34,8,0,1,2,56,56,56,40,29,26,34,0,1,2,57,57,57,40,26,7,34,0,1,2,58,58,58,40,31,35,9,0,1,2,59,59,59,40,31,28,35,0,1,2,60,60,60,40,28,8,35,0,1,2,61,61,61,40,23,36,10,0,1,2,62,62,62,40,23,30,36,0,1,2,63,63,63,40,30,9,36,0,1,2,64,64,64,40,37,38,11,0,1,2,65,65,65,40,37,32,38,0,1,2,66,66,66,40,32,10,38,0,1,2,67,67,67,40,39,37,11,0,1,2,68,68,68,40,39,33,37,0,1,2,69,69,69,40,33,6,37,0,1,2,70,70,70,40,40,39,11,0,1,2,71,71,71,40,40,34,39,0,1,2,72,72,72,40,34,7,39,0,1,2,73,73,73,40,41,40,11,0,1,2,74,74,74,40,41,35,40,0,1,2,75,75,75,40,35,8,40,0,1,2,76,76,76,40,38,41,11,0,1,2,77,77,77,40,38,36,41,0,1,2,78,78,78,40,36,9,41,0,1,2,79,79,79],
    "name":"IcosphereGeometry",
    "metadata":{
        "version":3,
        "faces":80,
        "normals":80,
        "type":"Geometry",
        "uvs":1,
        "generator":"io_three",
        "vertices":42
    },
    "uvs":[[0,0,1,0,1,1]],
    "vertices":[0.009829,-0.009152,-0.042439,0.00763,-0.006471,0.063948,-0.054822,0.078971,0.031157,-0.036825,0.036416,0.006734,0.047295,0.03069,-0.063716,0.054755,0.074963,-0.013195,-0.048373,0.108888,0.037101,-0.034474,0.076131,-0.010607,0.03636,0.101559,-0.007799,0.020718,0.109552,-0.025144,-0.002136,0.098204,0.060106,-0.025817,0.128554,0.010484,-0.010527,-0.016132,0.068329,0.056324,0.074943,0.040774,0.01031,-0.036626,-0.026656,0.027424,-0.025063,0.005938,0.07045,0.045051,-0.038952,-0.000734,-0.04221,0.036807,0.033924,-0.000474,0.025995,0.028096,-0.001731,-0.106448,-0.054216,0.094867,0.008107,-0.020275,0.107811,-0.026578,0.023701,0.099808,0.020233,0.008617,0.061015,-0.06551,-0.050766,0.118485,0.018178,0.018269,0.067938,0.076317,-0.044467,0.028515,0.05403,0.073386,0.049325,0.087725,-0.017435,0.017984,-0.053805,-0.009294,0.064555,-0.070728,0.057513,0.00104,0.090127,0.016036,0.037403,-0.07951,0.046358,0.069321,0.030083,0.082585,0.01512,0.039827,0.076077,0.077658,0.047049,0.044062,0.079662,-0.016263,0.091587,0.012517,0.038339,0.089076,0.032205,-0.039018,0.029103,0.113231,-0.037116,-0.026078,0.080221,-0.041921,-0.032921,0.018231,0.048234,0.063993,0.095146,-0.040377]
}