{
    "name":"CubeGeometry",
    "materials":[{
        "depthTest":true,
        "opacity":1,
        "transparent":false,
        "colorSpecular":[0.5,0.5,0.5],
        "visible":true,
        "DbgColor":15658734,
        "DbgIndex":0,
        "DbgName":"corkboard",
        "specularCoef":50,
        "colorEmissive":[0,0,0],
        "wireframe":false,
        "shading":"phong",
        "blending":"NormalBlending",
        "depthWrite":true,
        "colorDiffuse":[0.0764983,0.0764994,0.56]
    },{
        "mapDiffuseAnisotropy":1,
        "depthTest":true,
        "opacity":1,
        "transparent":false,
        "colorSpecular":[0.5,0.5,0.5],
        "mapDiffuseWrap":["RepeatWrapping","RepeatWrapping"],
        "visible":true,
        "DbgColor":15597568,
        "mapDiffuseRepeat":[1.001,1.001],
        "DbgIndex":1,
        "DbgName":"corkboard_cork",
        "specularCoef":50,
        "mapDiffuse":"cork_tex.jpg",
        "colorEmissive":[0,0,0],
        "wireframe":false,
        "shading":"phong",
        "blending":"NormalBlending",
        "depthWrite":true,
        "colorDiffuse":[0.64,0.64,0.64]
    }],
    "faces":[11,13,14,2,3,0,0,0,0,0,11,15,7,6,16,0,0,0,0,0,11,17,4,5,18,0,0,0,0,0,11,24,16,6,19,0,0,0,0,0,11,19,6,7,20,0,0,0,0,0,11,32,13,3,30,0,0,0,0,0,11,27,0,9,31,0,0,0,0,0,11,18,5,12,22,0,0,0,0,0,11,4,11,12,5,0,0,0,0,0,11,0,1,10,9,0,0,0,0,0,11,31,9,13,32,0,0,0,0,0,11,22,12,16,24,0,0,0,0,0,11,11,15,16,12,0,0,0,0,0,11,9,10,14,13,0,0,0,0,0,11,22,24,34,33,0,0,0,0,0,11,11,21,23,15,0,0,0,0,0,11,28,18,22,25,0,0,0,0,0,11,4,17,21,11,0,0,0,0,0,11,15,23,20,7,0,0,0,0,0,11,29,19,20,30,0,0,0,0,0,11,26,24,19,29,0,0,0,0,0,11,27,17,18,28,0,0,0,0,0,11,0,27,28,1,0,0,0,0,0,11,14,26,29,2,0,0,0,0,0,11,2,29,30,3,0,0,0,0,0,11,1,28,25,10,0,0,0,0,0,11,10,25,26,14,0,0,0,0,0,11,21,31,32,23,0,0,0,0,0,11,17,27,31,21,0,0,0,0,0,11,23,32,30,20,0,0,0,0,0,11,35,33,34,36,1,1,2,3,4,11,24,26,36,34,0,0,0,0,0,11,26,25,35,36,0,0,0,0,0,11,25,22,33,35,0,0,0,0,0],
    "metadata":{
        "version":3,
        "type":"Geometry",
        "materials":2,
        "faces":34,
        "generator":"io_three",
        "uvs":1,
        "vertices":37
    },
    "uvs":[[0,0,2.14747,-0.764953,2.14747,4.44367,-1.14747,4.44367,-1.14747,-0.764953]],
    "vertices":[0.806449,-0.547055,-0.0117012,0.806449,-0.547055,0.0497815,-0.806449,-0.547055,0.0497815,-0.806449,-0.547055,-0.0117012,0.806449,0.547055,-0.0117012,0.806448,0.547055,0.0497815,-0.806449,0.547055,0.0497814,-0.806449,0.547055,-0.0117012,0.806448,0.547055,0.0497815,0.75,-0.547055,-0.0117012,0.75,-0.547055,0.0497815,0.75,0.547055,-0.0117012,0.75,0.547055,0.0497815,-0.75,-0.547055,-0.0117012,-0.75,-0.547055,0.0497815,-0.75,0.547055,-0.0117012,-0.75,0.547055,0.0497814,0.806449,0.5,-0.0117012,0.806448,0.5,0.0497815,-0.806449,0.5,0.0497814,-0.806449,0.5,-0.0117012,0.75,0.5,-0.0117012,0.75,0.5,0.0497815,-0.75,0.5,-0.0117012,-0.75,0.5,0.0497814,0.75,-0.5,0.0497815,-0.75,-0.5,0.0497815,0.806449,-0.5,-0.0117012,0.806449,-0.5,0.0497815,-0.806449,-0.5,0.0497815,-0.806449,-0.5,-0.0117012,0.75,-0.5,-0.0117012,-0.75,-0.5,-0.0117012,0.75,0.5,0.025404,-0.75,0.5,0.025404,0.75,-0.5,0.025404,-0.75,-0.5,0.025404]
}